Applicable At,Applicable For,Data Item,Value,Generated Time,Quality Indicator
"01/01/2023 11:38:00","31/12/2022","Temperature, Actual, D+1","6.9930","03/01/2023 10:14:00","L"
"31/12/2022 11:38:00","30/12/2022","Temperature, Actual, D+1","6.3546","03/01/2023 10:10:00","L"
"30/12/2022 11:38:00","29/12/2022","Temperature, Actual, D+1","5.3943","03/01/2023 09:55:01","L"
"29/12/2022 11:38:00","28/12/2022","Temperature, Actual, D+1","5.6944","03/01/2023 10:06:01","L"
"28/12/2022 11:38:00","27/12/2022","Temperature, Actual, D+1","4.8140","03/01/2023 10:04:01","L"
"27/12/2022 11:38:00","26/12/2022","Temperature, Actual, D+1","4.7763","27/12/2022 12:30:00",""
"26/12/2022 11:38:00","25/12/2022","Temperature, Actual, D+1","6.4761","26/12/2022 12:30:00",""
"25/12/2022 11:38:00","24/12/2022","Temperature, Actual, D+1","6.3045","25/12/2022 12:30:00",""
"24/12/2022 11:38:00","23/12/2022","Temperature, Actual, D+1","5.9849","24/12/2022 12:30:00",""
"23/12/2022 11:38:00","22/12/2022","Temperature, Actual, D+1","6.0677","23/12/2022 12:30:00",""
"22/12/2022 11:38:00","21/12/2022","Temperature, Actual, D+1","5.8830","22/12/2022 12:30:00",""
"21/12/2022 11:38:00","20/12/2022","Temperature, Actual, D+1","6.0095","21/12/2022 12:30:00",""
"20/12/2022 11:38:00","19/12/2022","Temperature, Actual, D+1","5.6684","20/12/2022 12:30:00",""
"19/12/2022 11:38:00","18/12/2022","Temperature, Actual, D+1","0.8756","19/12/2022 12:30:00",""
"18/12/2022 11:38:00","17/12/2022","Temperature, Actual, D+1","-0.0359","18/12/2022 12:30:00",""
"17/12/2022 11:38:00","16/12/2022","Temperature, Actual, D+1","-0.8481","17/12/2022 12:30:00",""
"16/12/2022 11:38:00","15/12/2022","Temperature, Actual, D+1","-1.0498","16/12/2022 12:30:00",""
"15/12/2022 11:38:00","14/12/2022","Temperature, Actual, D+1","-1.0504","15/12/2022 12:30:00",""
"14/12/2022 11:38:00","13/12/2022","Temperature, Actual, D+1","-0.6301","14/12/2022 12:30:00",""
"13/12/2022 11:38:00","12/12/2022","Temperature, Actual, D+1","-0.5477","13/12/2022 12:30:00",""
"12/12/2022 11:38:00","11/12/2022","Temperature, Actual, D+1","-0.0319","12/12/2022 12:30:00",""
"11/12/2022 11:38:00","10/12/2022","Temperature, Actual, D+1","0.7623","11/12/2022 12:30:00",""
"10/12/2022 11:38:00","09/12/2022","Temperature, Actual, D+1","0.7820","10/12/2022 12:30:00",""
"09/12/2022 11:38:00","08/12/2022","Temperature, Actual, D+1","1.4984","09/12/2022 12:30:00",""
"08/12/2022 11:38:00","07/12/2022","Temperature, Actual, D+1","2.6627","08/12/2022 12:30:00",""
"07/12/2022 11:38:00","06/12/2022","Temperature, Actual, D+1","3.8513","07/12/2022 12:30:00",""
"06/12/2022 11:38:00","05/12/2022","Temperature, Actual, D+1","4.2772","06/12/2022 12:30:00",""
"05/12/2022 11:38:00","04/12/2022","Temperature, Actual, D+1","3.6325","05/12/2022 12:30:00",""
"04/12/2022 11:38:01","03/12/2022","Temperature, Actual, D+1","4.2973","04/12/2022 12:30:00",""
"03/12/2022 11:38:00","02/12/2022","Temperature, Actual, D+1","4.3309","03/12/2022 12:30:00",""
"02/12/2022 11:38:00","01/12/2022","Temperature, Actual, D+1","4.6792","02/12/2022 12:30:00",""
"01/12/2022 11:38:00","30/11/2022","Temperature, Actual, D+1","5.1900","01/12/2022 12:30:00",""
"30/11/2022 11:38:00","29/11/2022","Temperature, Actual, D+1","5.5166","30/11/2022 12:30:00",""
"29/11/2022 11:38:00","28/11/2022","Temperature, Actual, D+1","7.0542","29/11/2022 12:30:00",""
"28/11/2022 11:38:00","27/11/2022","Temperature, Actual, D+1","8.1354","28/11/2022 12:30:00",""
"27/11/2022 11:38:00","26/11/2022","Temperature, Actual, D+1","7.8500","27/11/2022 12:30:00",""
"26/11/2022 11:38:00","25/11/2022","Temperature, Actual, D+1","7.4191","26/11/2022 12:30:00",""
"25/11/2022 11:38:00","24/11/2022","Temperature, Actual, D+1","6.7352","25/11/2022 12:30:00",""
"24/11/2022 11:38:00","23/11/2022","Temperature, Actual, D+1","6.4357","24/11/2022 12:30:00",""
"23/11/2022 11:38:00","22/11/2022","Temperature, Actual, D+1","6.0316","23/11/2022 12:30:00",""
"22/11/2022 11:38:00","21/11/2022","Temperature, Actual, D+1","5.1824","22/11/2022 12:30:00",""
"21/11/2022 11:38:00","20/11/2022","Temperature, Actual, D+1","6.5334","21/11/2022 12:30:00",""
"20/11/2022 11:38:00","19/11/2022","Temperature, Actual, D+1","7.1016","20/11/2022 12:30:00",""
"19/11/2022 11:38:00","18/11/2022","Temperature, Actual, D+1","7.6339","19/11/2022 12:30:00",""
"18/11/2022 11:38:00","17/11/2022","Temperature, Actual, D+1","7.4188","18/11/2022 12:30:00",""
"17/11/2022 11:38:00","16/11/2022","Temperature, Actual, D+1","8.1147","17/11/2022 12:30:00",""
"16/11/2022 11:38:00","15/11/2022","Temperature, Actual, D+1","8.7530","16/11/2022 12:30:00",""
"15/11/2022 11:38:00","14/11/2022","Temperature, Actual, D+1","9.6234","15/11/2022 12:30:00",""
"14/11/2022 11:38:00","13/11/2022","Temperature, Actual, D+1","10.2915","14/11/2022 12:30:00",""
"13/11/2022 11:38:01","12/11/2022","Temperature, Actual, D+1","10.7820","13/11/2022 12:30:00",""
"12/11/2022 11:38:01","11/11/2022","Temperature, Actual, D+1","11.1917","12/11/2022 12:30:00",""
"11/11/2022 11:38:01","10/11/2022","Temperature, Actual, D+1","10.5673","11/11/2022 12:30:00",""
"10/11/2022 11:38:00","09/11/2022","Temperature, Actual, D+1","9.7892","10/11/2022 12:30:00",""
"09/11/2022 11:38:02","08/11/2022","Temperature, Actual, D+1","9.8379","09/11/2022 12:30:00",""
"08/11/2022 11:38:00","07/11/2022","Temperature, Actual, D+1","9.8972","08/11/2022 12:30:00",""
"07/11/2022 11:38:00","06/11/2022","Temperature, Actual, D+1","8.9180","07/11/2022 12:30:00",""
"06/11/2022 11:38:01","05/11/2022","Temperature, Actual, D+1","8.7002","06/11/2022 12:30:00",""
"05/11/2022 11:38:00","04/11/2022","Temperature, Actual, D+1","8.5257","05/11/2022 12:30:00",""
"04/11/2022 11:38:00","03/11/2022","Temperature, Actual, D+1","9.2893","04/11/2022 12:30:00",""
"03/11/2022 11:38:02","02/11/2022","Temperature, Actual, D+1","10.2274","03/11/2022 12:30:00",""
"02/11/2022 11:38:00","01/11/2022","Temperature, Actual, D+1","10.6710","02/11/2022 13:33:01","L"
"01/11/2022 11:38:01","31/10/2022","Temperature, Actual, D+1","12.0508","01/11/2022 12:30:00",""
"31/10/2022 11:38:01","30/10/2022","Temperature, Actual, D+1","12.2997","31/10/2022 12:30:00",""
"30/10/2022 11:38:00","29/10/2022","Temperature, Actual, D+1","12.9445","30/10/2022 12:30:00",""
"29/10/2022 11:38:01","28/10/2022","Temperature, Actual, D+1","13.0182","29/10/2022 12:30:00",""
"28/10/2022 11:38:01","27/10/2022","Temperature, Actual, D+1","13.0849","28/10/2022 12:30:00",""
"27/10/2022 11:38:02","26/10/2022","Temperature, Actual, D+1","12.8072","27/10/2022 12:30:00",""
"26/10/2022 11:38:02","25/10/2022","Temperature, Actual, D+1","12.1230","26/10/2022 12:30:00",""
"25/10/2022 11:38:00","24/10/2022","Temperature, Actual, D+1","12.1042","25/10/2022 12:30:00",""
"24/10/2022 11:38:01","23/10/2022","Temperature, Actual, D+1","12.3734","24/10/2022 12:30:00",""
"23/10/2022 11:38:01","22/10/2022","Temperature, Actual, D+1","12.4816","23/10/2022 12:30:00",""
"22/10/2022 11:38:01","21/10/2022","Temperature, Actual, D+1","12.1701","22/10/2022 12:30:00",""
"21/10/2022 11:38:01","20/10/2022","Temperature, Actual, D+1","11.6813","21/10/2022 12:30:00",""
"20/10/2022 11:38:02","19/10/2022","Temperature, Actual, D+1","11.6987","20/10/2022 12:30:00",""
"19/10/2022 11:38:00","18/10/2022","Temperature, Actual, D+1","11.6817","19/10/2022 12:30:00",""
"18/10/2022 11:38:00","17/10/2022","Temperature, Actual, D+1","12.2764","18/10/2022 12:30:00",""
"17/10/2022 11:38:00","16/10/2022","Temperature, Actual, D+1","11.6817","17/10/2022 12:30:00",""
"16/10/2022 11:38:00","15/10/2022","Temperature, Actual, D+1","11.4264","16/10/2022 12:30:00",""
"15/10/2022 11:38:00","14/10/2022","Temperature, Actual, D+1","11.4898","15/10/2022 12:30:00",""
"14/10/2022 11:38:00","13/10/2022","Temperature, Actual, D+1","11.6218","14/10/2022 12:30:00",""
"13/10/2022 11:38:00","12/10/2022","Temperature, Actual, D+1","11.2471","13/10/2022 12:30:00",""
"12/10/2022 11:38:00","11/10/2022","Temperature, Actual, D+1","10.7941","12/10/2022 12:30:00",""
"11/10/2022 11:38:03","10/10/2022","Temperature, Actual, D+1","11.3812","11/10/2022 12:30:00",""
"10/10/2022 11:38:00","09/10/2022","Temperature, Actual, D+1","11.8585","10/10/2022 12:30:00",""
"09/10/2022 11:38:01","08/10/2022","Temperature, Actual, D+1","11.9709","09/10/2022 12:30:00",""
"08/10/2022 11:38:00","07/10/2022","Temperature, Actual, D+1","12.5848","08/10/2022 12:30:00",""
"07/10/2022 11:38:00","06/10/2022","Temperature, Actual, D+1","13.0470","07/10/2022 12:30:00",""
"06/10/2022 11:38:00","05/10/2022","Temperature, Actual, D+1","12.8806","06/10/2022 12:30:00",""
"05/10/2022 11:38:00","04/10/2022","Temperature, Actual, D+1","13.4400","06/10/2022 12:30:00",""
"04/10/2022 11:38:00","03/10/2022","Temperature, Actual, D+1","12.8637","06/10/2022 12:30:00",""
"03/10/2022 11:38:00","02/10/2022","Temperature, Actual, D+1","12.8499","06/10/2022 13:55:01","L"
"02/10/2022 11:38:00","01/10/2022","Temperature, Actual, D+1","12.8235","06/10/2022 13:55:01","L"
"01/10/2022 11:38:00","30/09/2022","Temperature, Actual, D+1","11.4211","06/10/2022 13:53:01","L"
"30/09/2022 11:38:01","29/09/2022","Temperature, Actual, D+1","11.7313","30/09/2022 12:30:00",""
"29/09/2022 11:38:00","28/09/2022","Temperature, Actual, D+1","11.2837","29/09/2022 12:30:00",""
"28/09/2022 11:38:00","27/09/2022","Temperature, Actual, D+1","11.4521","28/09/2022 12:30:00",""
"27/09/2022 11:38:00","26/09/2022","Temperature, Actual, D+1","12.2577","27/09/2022 12:30:00",""
"26/09/2022 11:38:00","25/09/2022","Temperature, Actual, D+1","12.6706","26/09/2022 12:30:00",""
"25/09/2022 11:38:00","24/09/2022","Temperature, Actual, D+1","13.3191","25/09/2022 12:30:00",""
"24/09/2022 11:38:00","23/09/2022","Temperature, Actual, D+1","13.8222","24/09/2022 12:30:00",""
"23/09/2022 11:38:00","22/09/2022","Temperature, Actual, D+1","13.9001","23/09/2022 12:30:00",""
"22/09/2022 11:38:00","21/09/2022","Temperature, Actual, D+1","13.9721","22/09/2022 12:30:00",""
"21/09/2022 11:38:00","20/09/2022","Temperature, Actual, D+1","13.8260","21/09/2022 12:30:00",""
"20/09/2022 11:38:00","19/09/2022","Temperature, Actual, D+1","13.4380","20/09/2022 12:30:00",""
"19/09/2022 11:38:00","18/09/2022","Temperature, Actual, D+1","13.2643","19/09/2022 12:30:00",""
"18/09/2022 11:38:00","17/09/2022","Temperature, Actual, D+1","13.1353","18/09/2022 12:30:00",""
"17/09/2022 11:38:00","16/09/2022","Temperature, Actual, D+1","13.5016","17/09/2022 12:30:00",""
"16/09/2022 11:38:00","15/09/2022","Temperature, Actual, D+1","14.0930","16/09/2022 12:30:00",""
"15/09/2022 11:38:00","14/09/2022","Temperature, Actual, D+1","14.3975","15/09/2022 12:30:00",""
"14/09/2022 11:38:00","13/09/2022","Temperature, Actual, D+1","14.5152","14/09/2022 12:30:00",""
"13/09/2022 11:38:00","12/09/2022","Temperature, Actual, D+1","14.9022","13/09/2022 12:30:00",""
"12/09/2022 11:38:00","11/09/2022","Temperature, Actual, D+1","14.6785","12/09/2022 12:30:00",""
"11/09/2022 11:38:00","10/09/2022","Temperature, Actual, D+1","14.6064","11/09/2022 12:30:00",""
"10/09/2022 11:38:00","09/09/2022","Temperature, Actual, D+1","14.6134","10/09/2022 12:30:00",""
"09/09/2022 11:38:00","08/09/2022","Temperature, Actual, D+1","14.6552","09/09/2022 12:30:00",""
"08/09/2022 11:38:00","07/09/2022","Temperature, Actual, D+1","14.9396","08/09/2022 12:30:00",""
"07/09/2022 11:38:00","06/09/2022","Temperature, Actual, D+1","15.0761","07/09/2022 12:30:00",""
"06/09/2022 11:38:00","05/09/2022","Temperature, Actual, D+1","15.2396","06/09/2022 12:30:00",""
"05/09/2022 11:38:00","04/09/2022","Temperature, Actual, D+1","15.2370","05/09/2022 12:30:00",""
"04/09/2022 11:38:00","03/09/2022","Temperature, Actual, D+1","15.1708","04/09/2022 12:30:00",""
"03/09/2022 11:38:00","02/09/2022","Temperature, Actual, D+1","15.1476","03/09/2022 12:30:00",""
"02/09/2022 11:38:00","01/09/2022","Temperature, Actual, D+1","15.1147","02/09/2022 12:30:00",""
"01/09/2022 11:38:00","31/08/2022","Temperature, Actual, D+1","15.0721","01/09/2022 12:30:00",""
"31/08/2022 11:38:00","30/08/2022","Temperature, Actual, D+1","15.0455","31/08/2022 12:30:00",""
"30/08/2022 11:38:00","29/08/2022","Temperature, Actual, D+1","15.0999","30/08/2022 12:30:00",""
"29/08/2022 11:38:00","28/08/2022","Temperature, Actual, D+1","15.1986","29/08/2022 12:30:00",""
"28/08/2022 11:38:00","27/08/2022","Temperature, Actual, D+1","15.1726","28/08/2022 12:30:00",""
"27/08/2022 11:38:00","26/08/2022","Temperature, Actual, D+1","15.1371","27/08/2022 12:30:00",""
"26/08/2022 11:38:00","25/08/2022","Temperature, Actual, D+1","15.1423","26/08/2022 12:30:00",""
"25/08/2022 11:38:00","24/08/2022","Temperature, Actual, D+1","15.2200","25/08/2022 12:30:00",""
"24/08/2022 11:38:00","23/08/2022","Temperature, Actual, D+1","15.2196","24/08/2022 12:30:00",""
"23/08/2022 11:38:00","22/08/2022","Temperature, Actual, D+1","15.0986","23/08/2022 12:30:00",""
"22/08/2022 11:38:00","21/08/2022","Temperature, Actual, D+1","15.1408","22/08/2022 12:30:00",""
"21/08/2022 11:38:00","20/08/2022","Temperature, Actual, D+1","15.1597","21/08/2022 12:30:00",""
"20/08/2022 11:38:00","19/08/2022","Temperature, Actual, D+1","15.1549","20/08/2022 12:30:00",""
"19/08/2022 11:38:00","18/08/2022","Temperature, Actual, D+1","15.1790","19/08/2022 12:30:00",""
"18/08/2022 11:38:00","17/08/2022","Temperature, Actual, D+1","15.1687","18/08/2022 12:30:00",""
"17/08/2022 11:38:00","16/08/2022","Temperature, Actual, D+1","15.2174","18/08/2022 12:30:00",""
"16/08/2022 11:38:00","15/08/2022","Temperature, Actual, D+1","15.2740","16/08/2022 12:30:00",""
"15/08/2022 11:38:00","14/08/2022","Temperature, Actual, D+1","15.2754","15/08/2022 12:30:00",""
"14/08/2022 11:38:00","13/08/2022","Temperature, Actual, D+1","15.2754","14/08/2022 12:30:00",""
"13/08/2022 11:38:00","12/08/2022","Temperature, Actual, D+1","15.2754","13/08/2022 12:30:00",""
"12/08/2022 11:38:00","11/08/2022","Temperature, Actual, D+1","15.2754","12/08/2022 12:30:00",""
"11/08/2022 11:38:00","10/08/2022","Temperature, Actual, D+1","15.2754","11/08/2022 12:30:00",""
"10/08/2022 11:38:00","09/08/2022","Temperature, Actual, D+1","15.2754","10/08/2022 12:30:00",""
"09/08/2022 11:38:00","08/08/2022","Temperature, Actual, D+1","15.2222","09/08/2022 12:30:00",""
"08/08/2022 11:38:00","07/08/2022","Temperature, Actual, D+1","15.1200","08/08/2022 12:30:00",""
"07/08/2022 11:38:00","06/08/2022","Temperature, Actual, D+1","14.9698","07/08/2022 12:30:00",""
"06/08/2022 11:38:00","05/08/2022","Temperature, Actual, D+1","14.9261","06/08/2022 12:30:00",""
"05/08/2022 11:38:00","04/08/2022","Temperature, Actual, D+1","15.1677","05/08/2022 12:30:00",""
"04/08/2022 11:38:00","03/08/2022","Temperature, Actual, D+1","15.2196","04/08/2022 12:30:00",""
"03/08/2022 11:38:00","02/08/2022","Temperature, Actual, D+1","15.2523","03/08/2022 12:30:00",""
"02/08/2022 11:38:00","01/08/2022","Temperature, Actual, D+1","15.2050","02/08/2022 12:30:00",""
"01/08/2022 11:38:00","31/07/2022","Temperature, Actual, D+1","15.1981","01/08/2022 12:30:00",""
"31/07/2022 11:38:00","30/07/2022","Temperature, Actual, D+1","15.2333","31/07/2022 12:30:00",""
"30/07/2022 11:38:00","29/07/2022","Temperature, Actual, D+1","15.1966","30/07/2022 12:30:00",""
"29/07/2022 11:38:00","28/07/2022","Temperature, Actual, D+1","15.0462","29/07/2022 12:30:00",""
"28/07/2022 11:38:00","27/07/2022","Temperature, Actual, D+1","15.0130","29/07/2022 12:30:00",""
"28/07/2022 11:38:00","27/07/2022","Temperature, Actual, D+1","15.0130","28/07/2022 12:30:00",""
"27/07/2022 11:38:00","26/07/2022","Temperature, Actual, D+1","14.9913","28/07/2022 12:30:00",""
"27/07/2022 11:38:00","26/07/2022","Temperature, Actual, D+1","14.9913","27/07/2022 12:30:00",""
"26/07/2022 11:38:00","25/07/2022","Temperature, Actual, D+1","15.1278","27/07/2022 12:30:00",""
"26/07/2022 11:38:00","25/07/2022","Temperature, Actual, D+1","15.1278","26/07/2022 12:30:00",""
"25/07/2022 11:38:00","24/07/2022","Temperature, Actual, D+1","15.2211","26/07/2022 12:30:00",""
"25/07/2022 11:38:00","24/07/2022","Temperature, Actual, D+1","15.2211","25/07/2022 12:30:00",""
"24/07/2022 11:38:00","23/07/2022","Temperature, Actual, D+1","15.1787","25/07/2022 12:30:00",""
"24/07/2022 11:38:00","23/07/2022","Temperature, Actual, D+1","15.1787","24/07/2022 12:30:00",""
"23/07/2022 11:38:00","22/07/2022","Temperature, Actual, D+1","15.1626","24/07/2022 12:30:00",""
"23/07/2022 11:38:00","22/07/2022","Temperature, Actual, D+1","15.1626","23/07/2022 12:30:00",""
"22/07/2022 11:38:00","21/07/2022","Temperature, Actual, D+1","15.2754","23/07/2022 12:30:00",""
"22/07/2022 11:38:00","21/07/2022","Temperature, Actual, D+1","15.2754","22/07/2022 12:30:00",""
"21/07/2022 11:38:00","20/07/2022","Temperature, Actual, D+1","15.2754","22/07/2022 12:30:00",""
"21/07/2022 11:38:00","20/07/2022","Temperature, Actual, D+1","15.2754","21/07/2022 12:30:00",""
"20/07/2022 11:38:00","19/07/2022","Temperature, Actual, D+1","15.2754","21/07/2022 12:30:00",""
"20/07/2022 11:38:00","19/07/2022","Temperature, Actual, D+1","15.2754","20/07/2022 12:30:00",""
"19/07/2022 11:38:00","18/07/2022","Temperature, Actual, D+1","15.2754","20/07/2022 12:30:00",""
"19/07/2022 11:38:00","18/07/2022","Temperature, Actual, D+1","15.2754","19/07/2022 12:30:00",""
"18/07/2022 11:38:00","17/07/2022","Temperature, Actual, D+1","15.2588","19/07/2022 12:30:00",""
"18/07/2022 11:38:00","17/07/2022","Temperature, Actual, D+1","15.2588","18/07/2022 12:30:00",""
"17/07/2022 11:38:00","16/07/2022","Temperature, Actual, D+1","15.2106","18/07/2022 12:30:00",""
"17/07/2022 11:38:00","16/07/2022","Temperature, Actual, D+1","15.2106","17/07/2022 12:30:00",""
"16/07/2022 11:38:00","15/07/2022","Temperature, Actual, D+1","15.0940","17/07/2022 12:30:00",""
"16/07/2022 11:38:00","15/07/2022","Temperature, Actual, D+1","15.0940","16/07/2022 12:30:00",""
"15/07/2022 11:38:00","14/07/2022","Temperature, Actual, D+1","15.1542","16/07/2022 12:30:00",""
"15/07/2022 11:38:00","14/07/2022","Temperature, Actual, D+1","15.1542","15/07/2022 12:30:00",""
"14/07/2022 11:38:00","13/07/2022","Temperature, Actual, D+1","15.2218","15/07/2022 12:30:00",""
"14/07/2022 11:38:00","13/07/2022","Temperature, Actual, D+1","15.2218","14/07/2022 12:30:00",""
"13/07/2022 11:38:00","12/07/2022","Temperature, Actual, D+1","15.2544","14/07/2022 12:30:00",""
"13/07/2022 11:38:00","12/07/2022","Temperature, Actual, D+1","15.2544","13/07/2022 12:30:00",""
"12/07/2022 11:38:00","11/07/2022","Temperature, Actual, D+1","15.2754","13/07/2022 12:30:00",""
"12/07/2022 11:38:00","11/07/2022","Temperature, Actual, D+1","15.2754","12/07/2022 12:30:00",""
"11/07/2022 11:38:00","10/07/2022","Temperature, Actual, D+1","15.2660","12/07/2022 12:30:00",""
"11/07/2022 11:38:00","10/07/2022","Temperature, Actual, D+1","15.2660","11/07/2022 12:30:00",""
"10/07/2022 11:38:00","09/07/2022","Temperature, Actual, D+1","15.2186","11/07/2022 12:30:00",""
"10/07/2022 11:38:00","09/07/2022","Temperature, Actual, D+1","15.2186","10/07/2022 12:30:00",""
"09/07/2022 11:38:00","08/07/2022","Temperature, Actual, D+1","15.1743","10/07/2022 12:30:00",""
"09/07/2022 11:38:00","08/07/2022","Temperature, Actual, D+1","15.1743","09/07/2022 12:30:00",""
"08/07/2022 11:38:00","07/07/2022","Temperature, Actual, D+1","15.0604","09/07/2022 12:30:00",""
"08/07/2022 11:38:00","07/07/2022","Temperature, Actual, D+1","15.0604","08/07/2022 12:30:00",""
"07/07/2022 11:38:00","06/07/2022","Temperature, Actual, D+1","14.8117","08/07/2022 12:30:00",""
"07/07/2022 11:38:00","06/07/2022","Temperature, Actual, D+1","14.8117","07/07/2022 12:30:00",""
"06/07/2022 11:38:00","05/07/2022","Temperature, Actual, D+1","14.5956","07/07/2022 12:30:00",""
"06/07/2022 11:38:00","05/07/2022","Temperature, Actual, D+1","14.5956","06/07/2022 12:30:00",""
"05/07/2022 11:38:00","04/07/2022","Temperature, Actual, D+1","14.4505","06/07/2022 12:30:00",""
"05/07/2022 11:38:00","04/07/2022","Temperature, Actual, D+1","14.4505","05/07/2022 12:30:00",""
"04/07/2022 11:38:00","03/07/2022","Temperature, Actual, D+1","14.4129","05/07/2022 12:30:00",""
"04/07/2022 11:38:00","03/07/2022","Temperature, Actual, D+1","14.4129","04/07/2022 12:30:00",""
"03/07/2022 11:38:00","02/07/2022","Temperature, Actual, D+1","14.3660","04/07/2022 12:30:00",""
"03/07/2022 11:38:00","02/07/2022","Temperature, Actual, D+1","14.3660","03/07/2022 12:30:00",""
"02/07/2022 11:38:00","01/07/2022","Temperature, Actual, D+1","14.3240","03/07/2022 12:30:00",""
"02/07/2022 11:38:00","01/07/2022","Temperature, Actual, D+1","14.3240","02/07/2022 12:30:00",""
"01/07/2022 11:38:00","30/06/2022","Temperature, Actual, D+1","14.3710","02/07/2022 12:30:00",""
"01/07/2022 11:38:00","30/06/2022","Temperature, Actual, D+1","14.3710","01/07/2022 12:30:00",""
"30/06/2022 11:38:00","29/06/2022","Temperature, Actual, D+1","14.4967","01/07/2022 12:30:00",""
"30/06/2022 11:38:00","29/06/2022","Temperature, Actual, D+1","14.4967","30/06/2022 12:30:00",""
"29/06/2022 11:38:00","28/06/2022","Temperature, Actual, D+1","14.4092","30/06/2022 12:30:00",""
"29/06/2022 11:38:00","28/06/2022","Temperature, Actual, D+1","14.4092","29/06/2022 12:30:00",""
"28/06/2022 11:38:00","27/06/2022","Temperature, Actual, D+1","14.3484","29/06/2022 12:30:00",""
"28/06/2022 11:38:00","27/06/2022","Temperature, Actual, D+1","14.3484","28/06/2022 12:30:00",""
"27/06/2022 11:38:00","26/06/2022","Temperature, Actual, D+1","14.5937","28/06/2022 12:30:00",""
"27/06/2022 11:38:00","26/06/2022","Temperature, Actual, D+1","14.5937","27/06/2022 12:30:00",""
"26/06/2022 11:38:00","25/06/2022","Temperature, Actual, D+1","14.7054","27/06/2022 12:30:00",""
"26/06/2022 11:38:00","25/06/2022","Temperature, Actual, D+1","14.7054","26/06/2022 12:30:00",""
"25/06/2022 11:38:00","24/06/2022","Temperature, Actual, D+1","15.0053","26/06/2022 12:30:00",""
"25/06/2022 11:38:00","24/06/2022","Temperature, Actual, D+1","15.0053","25/06/2022 12:30:00",""
"24/06/2022 11:38:00","23/06/2022","Temperature, Actual, D+1","15.1860","25/06/2022 12:30:00",""
"24/06/2022 11:38:00","23/06/2022","Temperature, Actual, D+1","15.1860","24/06/2022 12:30:00",""
"23/06/2022 11:38:00","22/06/2022","Temperature, Actual, D+1","15.1537","24/06/2022 12:30:00",""
"23/06/2022 11:38:00","22/06/2022","Temperature, Actual, D+1","15.1537","23/06/2022 12:30:00",""
"22/06/2022 11:38:00","21/06/2022","Temperature, Actual, D+1","14.9276","23/06/2022 12:30:00",""
"22/06/2022 11:38:00","21/06/2022","Temperature, Actual, D+1","14.9276","22/06/2022 12:30:00",""
"21/06/2022 11:38:00","20/06/2022","Temperature, Actual, D+1","14.5481","22/06/2022 12:30:00",""
"21/06/2022 11:38:00","20/06/2022","Temperature, Actual, D+1","14.5481","21/06/2022 12:30:00",""
"20/06/2022 11:38:00","19/06/2022","Temperature, Actual, D+1","14.3319","21/06/2022 12:30:00",""
"20/06/2022 11:38:00","19/06/2022","Temperature, Actual, D+1","14.3319","20/06/2022 12:30:00",""
"19/06/2022 11:38:00","18/06/2022","Temperature, Actual, D+1","14.6726","20/06/2022 12:30:00",""
"19/06/2022 11:38:00","18/06/2022","Temperature, Actual, D+1","14.6726","19/06/2022 12:30:00",""
"18/06/2022 11:38:00","17/06/2022","Temperature, Actual, D+1","15.1337","19/06/2022 12:30:00",""
"18/06/2022 11:38:00","17/06/2022","Temperature, Actual, D+1","15.1337","18/06/2022 12:30:00",""
"17/06/2022 11:38:00","16/06/2022","Temperature, Actual, D+1","15.1150","18/06/2022 12:30:00",""
"17/06/2022 11:38:00","16/06/2022","Temperature, Actual, D+1","15.1150","17/06/2022 12:30:00",""
"16/06/2022 11:38:00","15/06/2022","Temperature, Actual, D+1","14.8714","17/06/2022 12:30:00",""
"16/06/2022 11:38:00","15/06/2022","Temperature, Actual, D+1","14.8714","16/06/2022 12:30:00",""
"15/06/2022 11:38:00","14/06/2022","Temperature, Actual, D+1","14.4842","16/06/2022 12:30:00",""
"15/06/2022 11:38:00","14/06/2022","Temperature, Actual, D+1","14.4842","15/06/2022 12:30:00",""
"14/06/2022 11:38:00","13/06/2022","Temperature, Actual, D+1","14.2013","15/06/2022 12:30:00",""
"14/06/2022 11:38:00","13/06/2022","Temperature, Actual, D+1","14.2013","14/06/2022 12:30:00",""
"13/06/2022 11:38:00","12/06/2022","Temperature, Actual, D+1","14.2990","14/06/2022 12:30:00",""
"13/06/2022 11:38:00","12/06/2022","Temperature, Actual, D+1","14.2990","13/06/2022 12:30:00",""
"12/06/2022 11:38:00","11/06/2022","Temperature, Actual, D+1","14.5025","13/06/2022 12:30:00",""
"12/06/2022 11:38:00","11/06/2022","Temperature, Actual, D+1","14.5025","12/06/2022 12:30:00",""
"11/06/2022 11:38:00","10/06/2022","Temperature, Actual, D+1","14.5627","12/06/2022 12:30:00",""
"11/06/2022 11:38:00","10/06/2022","Temperature, Actual, D+1","14.5627","11/06/2022 12:30:00",""
"10/06/2022 11:38:00","09/06/2022","Temperature, Actual, D+1","14.1961","11/06/2022 12:30:00",""
"10/06/2022 11:38:00","09/06/2022","Temperature, Actual, D+1","14.1961","10/06/2022 12:30:00",""
"09/06/2022 11:38:00","08/06/2022","Temperature, Actual, D+1","14.1865","10/06/2022 12:30:00",""
"09/06/2022 11:38:00","08/06/2022","Temperature, Actual, D+1","14.1865","09/06/2022 12:30:00",""
"08/06/2022 11:38:00","07/06/2022","Temperature, Actual, D+1","14.0814","09/06/2022 12:30:00",""
"08/06/2022 11:38:00","07/06/2022","Temperature, Actual, D+1","14.0814","08/06/2022 12:30:00",""
"07/06/2022 11:38:00","06/06/2022","Temperature, Actual, D+1","13.2985","08/06/2022 12:30:00",""
"07/06/2022 11:38:00","06/06/2022","Temperature, Actual, D+1","13.2985","07/06/2022 12:30:00",""
"06/06/2022 11:38:00","05/06/2022","Temperature, Actual, D+1","12.8913","07/06/2022 12:30:00",""
"06/06/2022 11:38:00","05/06/2022","Temperature, Actual, D+1","12.8913","06/06/2022 12:30:00",""
"05/06/2022 11:38:00","04/06/2022","Temperature, Actual, D+1","13.7688","06/06/2022 12:30:00",""
"05/06/2022 11:38:00","04/06/2022","Temperature, Actual, D+1","13.7688","05/06/2022 12:30:00",""
"04/06/2022 11:38:00","03/06/2022","Temperature, Actual, D+1","14.0711","05/06/2022 12:30:00",""
"04/06/2022 11:38:00","03/06/2022","Temperature, Actual, D+1","14.0711","04/06/2022 12:30:00",""
"03/06/2022 11:38:00","02/06/2022","Temperature, Actual, D+1","13.8652","04/06/2022 12:30:00",""
"03/06/2022 11:38:00","02/06/2022","Temperature, Actual, D+1","13.8652","03/06/2022 12:30:00",""
"02/06/2022 11:38:00","01/06/2022","Temperature, Actual, D+1","12.9655","03/06/2022 12:30:00",""
"02/06/2022 11:38:00","01/06/2022","Temperature, Actual, D+1","12.9655","02/06/2022 12:30:00",""
"01/06/2022 11:38:00","31/05/2022","Temperature, Actual, D+1","12.3019","02/06/2022 12:30:00",""
"01/06/2022 11:38:00","31/05/2022","Temperature, Actual, D+1","12.3019","01/06/2022 12:30:00",""
"31/05/2022 11:38:00","30/05/2022","Temperature, Actual, D+1","12.2592","01/06/2022 12:30:00",""
"31/05/2022 11:38:00","30/05/2022","Temperature, Actual, D+1","12.2592","31/05/2022 12:30:00",""
"30/05/2022 11:38:00","29/05/2022","Temperature, Actual, D+1","12.9519","31/05/2022 12:30:00",""
"30/05/2022 11:38:00","29/05/2022","Temperature, Actual, D+1","12.9519","30/05/2022 12:30:00",""
"29/05/2022 11:38:00","28/05/2022","Temperature, Actual, D+1","13.6764","30/05/2022 12:30:00",""
"29/05/2022 11:38:00","28/05/2022","Temperature, Actual, D+1","13.6764","29/05/2022 12:30:00",""
"28/05/2022 11:38:00","27/05/2022","Temperature, Actual, D+1","-99.9600","29/05/2022 12:30:00",""
"28/05/2022 11:38:00","27/05/2022","Temperature, Actual, D+1","-99.9600","28/05/2022 12:30:00",""
"27/05/2022 11:38:00","26/05/2022","Temperature, Actual, D+1","13.6314","28/05/2022 12:30:00",""
"27/05/2022 11:38:00","26/05/2022","Temperature, Actual, D+1","13.6314","27/05/2022 12:30:00",""
"26/05/2022 11:38:00","25/05/2022","Temperature, Actual, D+1","13.4938","27/05/2022 12:30:00",""
"26/05/2022 11:38:00","25/05/2022","Temperature, Actual, D+1","13.4938","26/05/2022 12:30:00",""
"25/05/2022 11:38:00","24/05/2022","Temperature, Actual, D+1","13.5357","26/05/2022 12:30:00",""
"25/05/2022 11:38:00","24/05/2022","Temperature, Actual, D+1","13.5357","25/05/2022 12:30:00",""
"24/05/2022 11:38:00","23/05/2022","Temperature, Actual, D+1","13.7688","25/05/2022 12:30:00",""
"24/05/2022 11:38:00","23/05/2022","Temperature, Actual, D+1","13.7688","24/05/2022 12:30:00",""
"23/05/2022 11:38:00","22/05/2022","Temperature, Actual, D+1","14.1957","24/05/2022 12:30:00",""
"23/05/2022 11:38:00","22/05/2022","Temperature, Actual, D+1","14.1957","23/05/2022 12:30:00",""
"22/05/2022 11:38:00","21/05/2022","Temperature, Actual, D+1","13.8805","23/05/2022 12:30:00",""
"22/05/2022 11:38:00","21/05/2022","Temperature, Actual, D+1","13.8805","22/05/2022 12:30:00",""
"21/05/2022 11:38:00","20/05/2022","Temperature, Actual, D+1","13.8093","22/05/2022 12:30:00",""
"21/05/2022 11:38:00","20/05/2022","Temperature, Actual, D+1","13.8093","21/05/2022 12:30:00",""
"20/05/2022 11:38:00","19/05/2022","Temperature, Actual, D+1","14.2855","21/05/2022 12:30:00",""
"20/05/2022 11:38:00","19/05/2022","Temperature, Actual, D+1","14.2855","20/05/2022 12:30:00",""
"19/05/2022 11:38:00","18/05/2022","Temperature, Actual, D+1","14.4043","20/05/2022 12:30:00",""
"19/05/2022 11:38:00","18/05/2022","Temperature, Actual, D+1","14.4043","19/05/2022 12:30:00",""
"18/05/2022 11:38:00","17/05/2022","Temperature, Actual, D+1","14.4750","19/05/2022 12:30:00",""
"18/05/2022 11:38:00","17/05/2022","Temperature, Actual, D+1","14.4750","18/05/2022 12:30:00",""
"17/05/2022 11:38:00","16/05/2022","Temperature, Actual, D+1","13.9626","18/05/2022 12:30:00",""
"17/05/2022 11:38:00","16/05/2022","Temperature, Actual, D+1","13.9626","17/05/2022 12:30:00",""
"16/05/2022 11:38:00","15/05/2022","Temperature, Actual, D+1","13.9343","17/05/2022 12:30:00",""
"16/05/2022 11:38:00","15/05/2022","Temperature, Actual, D+1","13.9343","16/05/2022 12:30:00",""
"15/05/2022 11:38:00","14/05/2022","Temperature, Actual, D+1","13.9856","16/05/2022 12:30:00",""
"15/05/2022 11:38:00","14/05/2022","Temperature, Actual, D+1","13.9856","15/05/2022 12:30:00",""
"14/05/2022 11:38:00","13/05/2022","Temperature, Actual, D+1","13.4202","15/05/2022 12:30:00",""
"14/05/2022 11:38:00","13/05/2022","Temperature, Actual, D+1","13.4202","14/05/2022 12:30:00",""
"13/05/2022 11:38:00","12/05/2022","Temperature, Actual, D+1","12.9315","14/05/2022 12:30:00",""
"13/05/2022 11:38:00","12/05/2022","Temperature, Actual, D+1","12.9315","13/05/2022 12:30:00",""
"12/05/2022 11:38:00","11/05/2022","Temperature, Actual, D+1","13.0450","13/05/2022 12:30:00",""
"12/05/2022 11:38:00","11/05/2022","Temperature, Actual, D+1","13.0450","12/05/2022 12:30:00",""
"11/05/2022 11:38:00","10/05/2022","Temperature, Actual, D+1","13.7582","12/05/2022 12:30:00",""
"11/05/2022 11:38:00","10/05/2022","Temperature, Actual, D+1","13.7582","11/05/2022 12:30:00",""
"10/05/2022 11:38:00","09/05/2022","Temperature, Actual, D+1","13.7469","11/05/2022 12:30:00",""
"10/05/2022 11:38:00","09/05/2022","Temperature, Actual, D+1","13.7469","10/05/2022 12:30:00",""
"09/05/2022 11:38:00","08/05/2022","Temperature, Actual, D+1","13.4786","10/05/2022 12:30:00",""
"09/05/2022 11:38:00","08/05/2022","Temperature, Actual, D+1","13.4786","09/05/2022 12:30:00",""
"08/05/2022 11:38:00","07/05/2022","Temperature, Actual, D+1","13.5151","09/05/2022 12:30:00",""
"08/05/2022 11:38:00","07/05/2022","Temperature, Actual, D+1","13.5151","08/05/2022 12:30:00",""
"07/05/2022 11:38:00","06/05/2022","Temperature, Actual, D+1","13.3014","08/05/2022 12:30:00",""
"07/05/2022 11:38:00","06/05/2022","Temperature, Actual, D+1","13.3014","07/05/2022 12:30:00",""
"06/05/2022 11:38:00","05/05/2022","Temperature, Actual, D+1","13.1573","07/05/2022 12:30:00",""
"06/05/2022 11:38:00","05/05/2022","Temperature, Actual, D+1","13.1573","06/05/2022 12:30:00",""
"05/05/2022 11:38:00","04/05/2022","Temperature, Actual, D+1","12.1339","06/05/2022 12:30:00",""
"05/05/2022 11:38:00","04/05/2022","Temperature, Actual, D+1","12.1339","05/05/2022 12:30:00",""
"04/05/2022 11:38:00","03/05/2022","Temperature, Actual, D+1","11.8234","05/05/2022 12:30:00",""
"04/05/2022 11:38:00","03/05/2022","Temperature, Actual, D+1","11.8234","04/05/2022 12:30:00",""
"03/05/2022 11:38:00","02/05/2022","Temperature, Actual, D+1","11.7028","04/05/2022 12:30:00",""
"03/05/2022 11:38:00","02/05/2022","Temperature, Actual, D+1","11.7028","03/05/2022 12:30:00",""
"02/05/2022 11:38:00","01/05/2022","Temperature, Actual, D+1","11.0835","03/05/2022 12:30:00",""
"02/05/2022 11:38:00","01/05/2022","Temperature, Actual, D+1","11.0835","02/05/2022 12:30:00",""
"01/05/2022 11:38:00","30/04/2022","Temperature, Actual, D+1","11.1226","02/05/2022 12:30:00",""
"01/05/2022 11:38:00","30/04/2022","Temperature, Actual, D+1","11.1226","01/05/2022 12:30:00",""
"30/04/2022 11:38:00","29/04/2022","Temperature, Actual, D+1","10.1741","01/05/2022 12:30:00",""
"30/04/2022 11:38:00","29/04/2022","Temperature, Actual, D+1","10.1741","30/04/2022 12:30:00",""
"29/04/2022 11:38:00","28/04/2022","Temperature, Actual, D+1","9.9655","30/04/2022 12:30:00",""
"29/04/2022 11:38:00","28/04/2022","Temperature, Actual, D+1","9.9655","29/04/2022 12:30:00",""
"28/04/2022 11:38:00","27/04/2022","Temperature, Actual, D+1","9.9410","29/04/2022 12:30:00",""
"28/04/2022 11:38:00","27/04/2022","Temperature, Actual, D+1","9.9410","28/04/2022 12:30:00",""
"27/04/2022 11:38:00","26/04/2022","Temperature, Actual, D+1","10.7684","28/04/2022 12:30:00",""
"27/04/2022 11:38:00","26/04/2022","Temperature, Actual, D+1","10.7684","27/04/2022 12:30:00",""
"26/04/2022 11:38:00","25/04/2022","Temperature, Actual, D+1","10.9386","27/04/2022 12:30:00",""
"26/04/2022 11:38:00","25/04/2022","Temperature, Actual, D+1","10.9386","26/04/2022 12:30:00",""
"25/04/2022 11:38:00","24/04/2022","Temperature, Actual, D+1","11.8078","26/04/2022 12:30:00",""
"25/04/2022 11:38:00","24/04/2022","Temperature, Actual, D+1","11.8078","25/04/2022 12:30:00",""
"24/04/2022 11:38:00","23/04/2022","Temperature, Actual, D+1","11.5927","25/04/2022 12:30:00",""
"24/04/2022 11:38:00","23/04/2022","Temperature, Actual, D+1","11.5927","24/04/2022 12:30:00",""
"23/04/2022 11:38:00","22/04/2022","Temperature, Actual, D+1","11.4342","24/04/2022 12:30:00",""
"23/04/2022 11:38:00","22/04/2022","Temperature, Actual, D+1","11.4342","23/04/2022 12:30:00",""
"22/04/2022 11:38:00","21/04/2022","Temperature, Actual, D+1","11.8721","23/04/2022 12:30:00",""
"22/04/2022 11:38:00","21/04/2022","Temperature, Actual, D+1","11.8721","22/04/2022 12:30:00",""
"21/04/2022 11:38:00","20/04/2022","Temperature, Actual, D+1","11.6134","22/04/2022 12:30:00",""
"21/04/2022 11:38:00","20/04/2022","Temperature, Actual, D+1","11.6134","21/04/2022 12:30:00",""
"20/04/2022 11:38:00","19/04/2022","Temperature, Actual, D+1","11.3224","21/04/2022 12:30:00",""
"20/04/2022 11:38:00","19/04/2022","Temperature, Actual, D+1","11.3224","20/04/2022 12:30:00",""
"19/04/2022 11:38:00","18/04/2022","Temperature, Actual, D+1","12.0168","20/04/2022 12:30:00",""
"19/04/2022 11:38:00","18/04/2022","Temperature, Actual, D+1","12.0168","19/04/2022 12:30:00",""
"18/04/2022 11:38:00","17/04/2022","Temperature, Actual, D+1","12.9659","19/04/2022 12:30:00",""
"18/04/2022 11:38:00","17/04/2022","Temperature, Actual, D+1","12.9659","18/04/2022 12:30:00",""
"17/04/2022 11:38:00","16/04/2022","Temperature, Actual, D+1","13.0146","18/04/2022 12:30:00",""
"17/04/2022 11:38:00","16/04/2022","Temperature, Actual, D+1","13.0146","17/04/2022 12:30:00",""
"16/04/2022 11:38:00","15/04/2022","Temperature, Actual, D+1","12.6726","17/04/2022 12:30:00",""
"16/04/2022 11:38:00","15/04/2022","Temperature, Actual, D+1","12.6726","16/04/2022 12:30:00",""
"15/04/2022 11:38:00","14/04/2022","Temperature, Actual, D+1","11.7047","16/04/2022 12:30:00",""
"15/04/2022 11:38:00","14/04/2022","Temperature, Actual, D+1","11.7047","15/04/2022 12:30:00",""
"14/04/2022 11:38:00","13/04/2022","Temperature, Actual, D+1","11.2458","15/04/2022 12:30:00",""
"14/04/2022 11:38:00","13/04/2022","Temperature, Actual, D+1","11.2458","14/04/2022 12:30:00",""
"13/04/2022 11:38:00","12/04/2022","Temperature, Actual, D+1","10.3292","14/04/2022 12:30:00",""
"13/04/2022 11:38:00","12/04/2022","Temperature, Actual, D+1","10.3292","13/04/2022 12:30:00",""
"12/04/2022 11:38:00","11/04/2022","Temperature, Actual, D+1","9.5560","13/04/2022 12:30:00",""
"12/04/2022 11:38:00","11/04/2022","Temperature, Actual, D+1","9.5560","12/04/2022 12:30:00",""
"11/04/2022 11:38:00","10/04/2022","Temperature, Actual, D+1","7.9781","12/04/2022 12:30:00",""
"11/04/2022 11:38:00","10/04/2022","Temperature, Actual, D+1","7.9781","11/04/2022 12:30:00",""
"10/04/2022 11:38:00","09/04/2022","Temperature, Actual, D+1","7.4093","11/04/2022 12:30:00",""
"10/04/2022 11:38:00","09/04/2022","Temperature, Actual, D+1","7.4093","10/04/2022 12:30:00",""
"09/04/2022 11:38:00","08/04/2022","Temperature, Actual, D+1","7.7359","10/04/2022 12:30:00",""
"09/04/2022 11:38:00","08/04/2022","Temperature, Actual, D+1","7.7359","09/04/2022 12:30:00",""
"08/04/2022 11:38:00","07/04/2022","Temperature, Actual, D+1","7.9710","09/04/2022 12:30:00",""
"08/04/2022 11:38:00","07/04/2022","Temperature, Actual, D+1","7.9710","08/04/2022 12:30:00",""
"07/04/2022 11:38:00","06/04/2022","Temperature, Actual, D+1","9.0930","08/04/2022 12:30:00",""
"07/04/2022 11:38:00","06/04/2022","Temperature, Actual, D+1","9.0930","07/04/2022 12:30:00",""
"06/04/2022 11:38:00","05/04/2022","Temperature, Actual, D+1","9.0784","07/04/2022 12:30:00",""
"06/04/2022 11:38:00","05/04/2022","Temperature, Actual, D+1","9.0784","06/04/2022 12:30:00",""
"05/04/2022 11:38:00","04/04/2022","Temperature, Actual, D+1","7.7784","06/04/2022 12:30:00",""
"05/04/2022 11:38:00","04/04/2022","Temperature, Actual, D+1","7.7784","05/04/2022 12:30:00",""
"04/04/2022 11:38:00","03/04/2022","Temperature, Actual, D+1","5.8481","05/04/2022 12:30:00",""
"04/04/2022 11:38:00","03/04/2022","Temperature, Actual, D+1","5.8481","04/04/2022 12:30:00",""
"03/04/2022 11:38:00","02/04/2022","Temperature, Actual, D+1","5.5671","04/04/2022 12:30:00",""
"03/04/2022 11:38:00","02/04/2022","Temperature, Actual, D+1","5.5671","03/04/2022 12:30:00",""
"02/04/2022 11:38:00","01/04/2022","Temperature, Actual, D+1","5.2125","03/04/2022 12:30:00",""
"02/04/2022 11:38:00","01/04/2022","Temperature, Actual, D+1","5.2125","02/04/2022 12:30:00",""
"01/04/2022 11:38:00","31/03/2022","Temperature, Actual, D+1","5.2264","02/04/2022 12:30:00",""
"01/04/2022 11:38:00","31/03/2022","Temperature, Actual, D+1","5.2264","01/04/2022 12:30:00",""
"31/03/2022 11:38:00","30/03/2022","Temperature, Actual, D+1","6.9770","01/04/2022 12:30:00",""
"31/03/2022 11:38:00","30/03/2022","Temperature, Actual, D+1","6.9770","31/03/2022 12:30:00",""
"30/03/2022 11:38:00","29/03/2022","Temperature, Actual, D+1","8.8872","31/03/2022 12:30:00",""
"30/03/2022 11:38:00","29/03/2022","Temperature, Actual, D+1","8.8872","30/03/2022 12:30:00",""
"29/03/2022 11:38:00","28/03/2022","Temperature, Actual, D+1","10.0386","30/03/2022 12:30:00",""
"29/03/2022 11:38:00","28/03/2022","Temperature, Actual, D+1","10.0386","29/03/2022 12:30:00",""
"28/03/2022 11:38:00","27/03/2022","Temperature, Actual, D+1","9.9365","29/03/2022 12:30:00",""
"28/03/2022 11:38:00","27/03/2022","Temperature, Actual, D+1","9.9365","28/03/2022 12:30:00",""
"27/03/2022 11:38:00","26/03/2022","Temperature, Actual, D+1","10.7540","28/03/2022 12:30:00",""
"27/03/2022 11:38:00","26/03/2022","Temperature, Actual, D+1","10.7540","27/03/2022 12:30:00",""
"26/03/2022 11:38:00","25/03/2022","Temperature, Actual, D+1","10.4567","27/03/2022 12:30:00",""
"26/03/2022 11:38:00","25/03/2022","Temperature, Actual, D+1","10.4567","26/03/2022 12:30:00",""
"25/03/2022 11:38:00","24/03/2022","Temperature, Actual, D+1","10.4609","25/03/2022 12:30:00",""
"24/03/2022 11:38:00","23/03/2022","Temperature, Actual, D+1","10.2650","24/03/2022 12:30:00",""
"23/03/2022 11:38:00","22/03/2022","Temperature, Actual, D+1","9.6920","23/03/2022 12:30:00",""
"22/03/2022 11:38:00","21/03/2022","Temperature, Actual, D+1","8.0071","22/03/2022 12:30:00",""
"21/03/2022 11:38:00","20/03/2022","Temperature, Actual, D+1","7.6751","21/03/2022 12:30:00",""
"20/03/2022 11:38:00","19/03/2022","Temperature, Actual, D+1","8.4963","20/03/2022 12:30:00",""
"19/03/2022 11:38:00","18/03/2022","Temperature, Actual, D+1","8.3849","19/03/2022 12:30:00",""
"18/03/2022 11:38:00","17/03/2022","Temperature, Actual, D+1","7.5747","18/03/2022 12:30:00",""
"17/03/2022 11:38:00","16/03/2022","Temperature, Actual, D+1","7.1234","17/03/2022 12:30:00",""
"16/03/2022 11:38:00","15/03/2022","Temperature, Actual, D+1","8.2298","16/03/2022 12:30:00",""
"15/03/2022 11:38:00","14/03/2022","Temperature, Actual, D+1","7.6962","15/03/2022 12:30:00",""
"14/03/2022 11:38:00","13/03/2022","Temperature, Actual, D+1","7.8477","14/03/2022 12:30:00",""
"13/03/2022 11:38:00","12/03/2022","Temperature, Actual, D+1","7.8130","13/03/2022 12:30:00",""
"12/03/2022 11:38:00","11/03/2022","Temperature, Actual, D+1","7.7762","12/03/2022 12:30:00",""
"11/03/2022 11:38:00","10/03/2022","Temperature, Actual, D+1","8.1495","11/03/2022 12:30:00",""
"10/03/2022 11:38:00","09/03/2022","Temperature, Actual, D+1","6.8525","10/03/2022 12:30:00",""
"09/03/2022 11:38:00","08/03/2022","Temperature, Actual, D+1","5.3208","09/03/2022 12:30:00",""
"08/03/2022 11:38:00","07/03/2022","Temperature, Actual, D+1","4.1396","08/03/2022 12:30:00",""
"07/03/2022 11:38:00","06/03/2022","Temperature, Actual, D+1","4.9033","07/03/2022 12:30:00",""
"06/03/2022 11:38:00","05/03/2022","Temperature, Actual, D+1","5.0004","06/03/2022 12:30:00",""
"05/03/2022 11:38:00","04/03/2022","Temperature, Actual, D+1","5.7467","05/03/2022 12:30:00",""
"04/03/2022 11:38:00","03/03/2022","Temperature, Actual, D+1","6.3659","04/03/2022 12:30:00",""
"03/03/2022 11:38:00","02/03/2022","Temperature, Actual, D+1","5.3025","03/03/2022 12:30:00",""
"02/03/2022 11:38:00","01/03/2022","Temperature, Actual, D+1","5.8008","02/03/2022 12:30:00",""
"01/03/2022 11:38:00","28/02/2022","Temperature, Actual, D+1","6.2529","01/03/2022 12:30:00",""
"28/02/2022 11:38:00","27/02/2022","Temperature, Actual, D+1","5.3375","28/02/2022 12:30:00",""
"27/02/2022 11:38:00","26/02/2022","Temperature, Actual, D+1","5.1596","27/02/2022 12:30:00",""
"26/02/2022 11:38:00","25/02/2022","Temperature, Actual, D+1","5.4257","26/02/2022 12:30:00",""
"25/02/2022 11:38:00","24/02/2022","Temperature, Actual, D+1","4.3632","25/02/2022 12:30:00",""
"24/02/2022 11:38:00","23/02/2022","Temperature, Actual, D+1","6.0063","24/02/2022 12:30:00",""
"23/02/2022 11:38:00","22/02/2022","Temperature, Actual, D+1","6.4508","23/02/2022 12:30:00",""
"22/02/2022 11:38:00","21/02/2022","Temperature, Actual, D+1","5.7262","22/02/2022 12:30:00",""
"21/02/2022 11:38:00","20/02/2022","Temperature, Actual, D+1","5.1252","21/02/2022 12:30:00",""
"20/02/2022 11:38:00","19/02/2022","Temperature, Actual, D+1","4.6056","20/02/2022 12:30:00",""
"19/02/2022 11:38:00","18/02/2022","Temperature, Actual, D+1","4.5792","19/02/2022 12:30:00",""
"18/02/2022 11:38:00","17/02/2022","Temperature, Actual, D+1","6.5702","18/02/2022 12:30:00",""
"17/02/2022 11:38:00","16/02/2022","Temperature, Actual, D+1","7.2538","17/02/2022 12:30:00",""
"16/02/2022 11:38:00","15/02/2022","Temperature, Actual, D+1","5.3524","16/02/2022 12:30:00",""
"15/02/2022 11:38:00","14/02/2022","Temperature, Actual, D+1","5.0260","15/02/2022 12:30:00",""
"14/02/2022 11:38:00","13/02/2022","Temperature, Actual, D+1","5.1416","14/02/2022 12:30:00",""
"13/02/2022 11:38:00","12/02/2022","Temperature, Actual, D+1","4.4226","13/02/2022 12:30:00",""
"12/02/2022 11:38:00","11/02/2022","Temperature, Actual, D+1","4.4251","12/02/2022 12:30:00",""
"11/02/2022 11:38:00","10/02/2022","Temperature, Actual, D+1","4.9567","11/02/2022 12:30:00",""
"10/02/2022 11:38:00","09/02/2022","Temperature, Actual, D+1","6.7536","10/02/2022 12:30:00",""
"09/02/2022 11:38:00","08/02/2022","Temperature, Actual, D+1","6.8733","09/02/2022 12:30:00",""
"08/02/2022 11:38:00","07/02/2022","Temperature, Actual, D+1","5.6594","08/02/2022 12:30:00",""
"07/02/2022 11:38:00","06/02/2022","Temperature, Actual, D+1","4.9414","07/02/2022 12:30:00",""
"06/02/2022 11:38:00","05/02/2022","Temperature, Actual, D+1","4.9065","06/02/2022 12:30:00",""
"05/02/2022 11:38:00","04/02/2022","Temperature, Actual, D+1","4.8304","05/02/2022 12:30:00",""
"04/02/2022 11:38:00","03/02/2022","Temperature, Actual, D+1","6.7282","04/02/2022 12:30:00",""
"03/02/2022 11:38:00","02/02/2022","Temperature, Actual, D+1","7.0047","03/02/2022 12:30:00",""
"02/02/2022 11:38:00","01/02/2022","Temperature, Actual, D+1","6.5026","02/02/2022 12:30:00",""
"01/02/2022 11:38:00","31/01/2022","Temperature, Actual, D+1","4.7084","01/02/2022 12:30:00",""
"31/01/2022 11:38:00","30/01/2022","Temperature, Actual, D+1","4.8833","31/01/2022 12:30:00",""
"30/01/2022 11:38:00","29/01/2022","Temperature, Actual, D+1","5.9902","30/01/2022 12:30:00",""
"29/01/2022 11:38:00","28/01/2022","Temperature, Actual, D+1","5.1903","29/01/2022 12:30:00",""
"28/01/2022 11:38:00","27/01/2022","Temperature, Actual, D+1","5.0861","28/01/2022 12:30:00",""
"27/01/2022 11:38:00","26/01/2022","Temperature, Actual, D+1","3.7390","27/01/2022 12:30:00",""
"26/01/2022 11:38:00","25/01/2022","Temperature, Actual, D+1","2.4581","26/01/2022 12:30:00",""
"25/01/2022 11:38:00","24/01/2022","Temperature, Actual, D+1","3.1493","25/01/2022 12:30:00",""
"24/01/2022 11:38:00","23/01/2022","Temperature, Actual, D+1","3.5601","24/01/2022 12:30:00",""
"23/01/2022 11:38:00","22/01/2022","Temperature, Actual, D+1","3.6870","23/01/2022 12:30:00",""
"22/01/2022 11:38:00","21/01/2022","Temperature, Actual, D+1","2.4777","22/01/2022 12:30:00",""
"21/01/2022 11:38:00","20/01/2022","Temperature, Actual, D+1","2.8218","21/01/2022 12:30:00",""
"20/01/2022 11:38:00","19/01/2022","Temperature, Actual, D+1","3.8463","20/01/2022 12:30:00",""
"19/01/2022 11:38:00","18/01/2022","Temperature, Actual, D+1","3.2588","19/01/2022 12:30:00",""
"18/01/2022 11:38:00","17/01/2022","Temperature, Actual, D+1","3.7485","18/01/2022 12:30:00",""
"17/01/2022 11:38:00","16/01/2022","Temperature, Actual, D+1","3.8120","17/01/2022 12:30:00",""
"16/01/2022 11:38:00","15/01/2022","Temperature, Actual, D+1","2.8468","16/01/2022 12:30:00",""
"15/01/2022 11:38:00","14/01/2022","Temperature, Actual, D+1","3.3461","15/01/2022 12:30:00",""
"14/01/2022 11:38:00","13/01/2022","Temperature, Actual, D+1","3.9491","14/01/2022 12:30:00",""
"13/01/2022 11:38:00","12/01/2022","Temperature, Actual, D+1","4.5930","13/01/2022 12:30:00",""
"12/01/2022 11:38:00","11/01/2022","Temperature, Actual, D+1","5.3824","12/01/2022 12:30:00",""
"11/01/2022 11:38:00","10/01/2022","Temperature, Actual, D+1","4.6856","11/01/2022 12:30:00",""
"10/01/2022 11:38:00","09/01/2022","Temperature, Actual, D+1","3.8483","10/01/2022 12:30:00",""
"09/01/2022 11:38:00","08/01/2022","Temperature, Actual, D+1","3.2477","09/01/2022 12:30:00",""
"08/01/2022 11:38:00","07/01/2022","Temperature, Actual, D+1","2.2015","08/01/2022 12:30:00",""
"07/01/2022 11:38:00","06/01/2022","Temperature, Actual, D+1","2.2430","07/01/2022 12:30:00",""
"06/01/2022 11:38:00","05/01/2022","Temperature, Actual, D+1","3.3331","06/01/2022 12:30:00",""
"05/01/2022 11:38:00","04/01/2022","Temperature, Actual, D+1","4.2262","05/01/2022 12:30:00",""
"04/01/2022 11:38:00","03/01/2022","Temperature, Actual, D+1","7.1135","04/01/2022 12:30:00",""
"03/01/2022 11:38:00","02/01/2022","Temperature, Actual, D+1","8.1537","03/01/2022 12:30:00",""
"02/01/2022 11:38:00","01/01/2022","Temperature, Actual, D+1","9.4304","02/01/2022 12:30:00",""
"01/01/2022 11:38:00","31/12/2021","Temperature, Actual, D+1","9.3808","01/01/2022 12:30:00",""
"31/12/2021 11:38:00","30/12/2021","Temperature, Actual, D+1","8.6501","31/12/2021 12:30:00",""
"30/12/2021 11:38:00","29/12/2021","Temperature, Actual, D+1","7.2018","30/12/2021 12:30:00",""
"29/12/2021 11:38:00","28/12/2021","Temperature, Actual, D+1","6.0748","29/12/2021 12:30:00",""
"28/12/2021 11:38:00","27/12/2021","Temperature, Actual, D+1","5.6093","28/12/2021 12:30:00",""
"27/12/2021 11:38:00","26/12/2021","Temperature, Actual, D+1","4.8313","27/12/2021 12:30:00",""
"26/12/2021 11:38:00","25/12/2021","Temperature, Actual, D+1","3.7901","26/12/2021 12:30:00",""
"25/12/2021 11:38:00","24/12/2021","Temperature, Actual, D+1","5.0099","25/12/2021 12:30:00",""
"24/12/2021 11:38:00","23/12/2021","Temperature, Actual, D+1","4.3993","24/12/2021 12:30:00",""
"23/12/2021 11:38:00","22/12/2021","Temperature, Actual, D+1","2.6084","23/12/2021 12:30:00",""
"22/12/2021 11:38:00","21/12/2021","Temperature, Actual, D+1","3.3334","22/12/2021 12:30:00",""
"21/12/2021 11:38:00","20/12/2021","Temperature, Actual, D+1","4.0240","21/12/2021 12:30:00",""
"20/12/2021 11:38:00","19/12/2021","Temperature, Actual, D+1","4.1481","20/12/2021 12:30:00",""
"19/12/2021 11:38:00","18/12/2021","Temperature, Actual, D+1","5.4822","19/12/2021 12:30:00",""
"18/12/2021 11:38:00","17/12/2021","Temperature, Actual, D+1","6.3318","18/12/2021 12:30:00",""
"17/12/2021 11:38:00","16/12/2021","Temperature, Actual, D+1","7.4904","17/12/2021 12:30:00",""
"16/12/2021 11:38:00","15/12/2021","Temperature, Actual, D+1","7.9502","16/12/2021 12:30:00",""
"15/12/2021 11:38:00","14/12/2021","Temperature, Actual, D+1","7.5686","15/12/2021 12:30:00",""
"14/12/2021 11:38:00","13/12/2021","Temperature, Actual, D+1","7.1647","14/12/2021 12:30:00",""
"13/12/2021 11:38:00","12/12/2021","Temperature, Actual, D+1","7.2669","13/12/2021 12:30:00",""
"12/12/2021 11:38:00","11/12/2021","Temperature, Actual, D+1","4.8916","12/12/2021 12:30:00",""
"11/12/2021 11:38:00","10/12/2021","Temperature, Actual, D+1","3.9928","11/12/2021 12:30:00",""
"10/12/2021 11:38:00","09/12/2021","Temperature, Actual, D+1","4.6391","10/12/2021 12:30:00",""
"09/12/2021 11:38:00","08/12/2021","Temperature, Actual, D+1","-99.9600","09/12/2021 12:30:00",""
"08/12/2021 11:38:00","07/12/2021","Temperature, Actual, D+1","2.8914","08/12/2021 12:30:00",""
"07/12/2021 11:38:00","06/12/2021","Temperature, Actual, D+1","3.3084","07/12/2021 12:30:00",""
"06/12/2021 11:38:00","05/12/2021","Temperature, Actual, D+1","3.8728","06/12/2021 12:30:00",""
"05/12/2021 11:38:00","04/12/2021","Temperature, Actual, D+1","3.8261","05/12/2021 12:30:00",""
"04/12/2021 11:38:00","03/12/2021","Temperature, Actual, D+1","4.6948","04/12/2021 12:30:00",""
"03/12/2021 11:38:00","02/12/2021","Temperature, Actual, D+1","3.3776","03/12/2021 12:30:00",""
"02/12/2021 11:38:00","01/12/2021","Temperature, Actual, D+1","4.7898","02/12/2021 12:30:00",""
"01/12/2021 11:38:00","30/11/2021","Temperature, Actual, D+1","5.4040","01/12/2021 12:30:00",""
"30/11/2021 11:38:00","29/11/2021","Temperature, Actual, D+1","1.9957","30/11/2021 12:30:00",""
"29/11/2021 11:38:00","28/11/2021","Temperature, Actual, D+1","2.1195","29/11/2021 12:30:00",""
"28/11/2021 11:38:00","27/11/2021","Temperature, Actual, D+1","2.1577","28/11/2021 12:30:00",""
"27/11/2021 11:38:00","26/11/2021","Temperature, Actual, D+1","3.6606","27/11/2021 12:30:00",""
"26/11/2021 11:38:00","25/11/2021","Temperature, Actual, D+1","4.3816","26/11/2021 12:30:00",""
"25/11/2021 11:38:00","24/11/2021","Temperature, Actual, D+1","5.2120","25/11/2021 12:30:00",""
"24/11/2021 11:38:00","23/11/2021","Temperature, Actual, D+1","5.6200","24/11/2021 12:30:00",""
"23/11/2021 11:38:00","22/11/2021","Temperature, Actual, D+1","5.6167","23/11/2021 12:30:00",""
"22/11/2021 11:38:00","21/11/2021","Temperature, Actual, D+1","6.1873","22/11/2021 12:30:00",""
"21/11/2021 11:38:00","20/11/2021","Temperature, Actual, D+1","8.3018","21/11/2021 12:30:00",""
"20/11/2021 11:38:00","19/11/2021","Temperature, Actual, D+1","9.1401","20/11/2021 12:30:00",""
"19/11/2021 11:38:00","18/11/2021","Temperature, Actual, D+1","8.7993","19/11/2021 12:30:00",""
"18/11/2021 11:38:00","17/11/2021","Temperature, Actual, D+1","7.8526","18/11/2021 12:30:00",""
"17/11/2021 11:38:00","16/11/2021","Temperature, Actual, D+1","8.0106","17/11/2021 12:30:00",""
"16/11/2021 11:38:00","15/11/2021","Temperature, Actual, D+1","8.5930","16/11/2021 12:30:00",""
"15/11/2021 11:38:00","14/11/2021","Temperature, Actual, D+1","9.0536","15/11/2021 12:30:00",""
"14/11/2021 11:38:00","13/11/2021","Temperature, Actual, D+1","9.5375","14/11/2021 12:30:00",""
"13/11/2021 11:38:00","12/11/2021","Temperature, Actual, D+1","9.5056","13/11/2021 12:30:00",""
"12/11/2021 11:38:00","11/11/2021","Temperature, Actual, D+1","9.2699","12/11/2021 12:30:00",""
"11/11/2021 11:38:00","10/11/2021","Temperature, Actual, D+1","9.5852","11/11/2021 12:30:00",""
"10/11/2021 11:38:00","09/11/2021","Temperature, Actual, D+1","9.6668","10/11/2021 12:30:00",""
"09/11/2021 11:38:00","08/11/2021","Temperature, Actual, D+1","8.4949","09/11/2021 12:30:00",""
"08/11/2021 11:38:00","07/11/2021","Temperature, Actual, D+1","8.0465","08/11/2021 12:30:00",""
"07/11/2021 11:38:00","06/11/2021","Temperature, Actual, D+1","8.1879","07/11/2021 12:30:00",""
"06/11/2021 11:38:00","05/11/2021","Temperature, Actual, D+1","6.9989","06/11/2021 12:30:00",""
"05/11/2021 11:38:00","04/11/2021","Temperature, Actual, D+1","6.4155","05/11/2021 12:30:00",""
"04/11/2021 11:38:00","03/11/2021","Temperature, Actual, D+1","7.1349","04/11/2021 12:30:00",""
"03/11/2021 11:38:00","02/11/2021","Temperature, Actual, D+1","7.9782","03/11/2021 12:30:00",""
"02/11/2021 11:38:00","01/11/2021","Temperature, Actual, D+1","8.6932","02/11/2021 12:30:00",""
"01/11/2021 11:38:00","31/10/2021","Temperature, Actual, D+1","9.6453","01/11/2021 12:30:00",""
"31/10/2021 11:38:00","30/10/2021","Temperature, Actual, D+1","10.2882","31/10/2021 12:30:00",""
"30/10/2021 11:38:00","29/10/2021","Temperature, Actual, D+1","11.0697","30/10/2021 12:30:00",""
"29/10/2021 11:38:00","28/10/2021","Temperature, Actual, D+1","11.9657","30/10/2021 12:30:00",""
"29/10/2021 11:38:00","28/10/2021","Temperature, Actual, D+1","11.9657","29/10/2021 12:30:00",""
"28/10/2021 11:38:00","27/10/2021","Temperature, Actual, D+1","12.0242","29/10/2021 12:30:00",""
"28/10/2021 11:38:00","27/10/2021","Temperature, Actual, D+1","12.0242","28/10/2021 12:30:00",""
"27/10/2021 11:38:00","26/10/2021","Temperature, Actual, D+1","11.1454","28/10/2021 12:30:00",""
"27/10/2021 11:38:00","26/10/2021","Temperature, Actual, D+1","11.1454","27/10/2021 12:30:00",""
"26/10/2021 11:38:00","25/10/2021","Temperature, Actual, D+1","10.6243","27/10/2021 12:30:00",""
"26/10/2021 11:38:00","25/10/2021","Temperature, Actual, D+1","10.6243","26/10/2021 12:30:00",""
"25/10/2021 11:38:00","24/10/2021","Temperature, Actual, D+1","10.5744","26/10/2021 12:30:00",""
"25/10/2021 11:38:00","24/10/2021","Temperature, Actual, D+1","10.5744","25/10/2021 12:30:00",""
"24/10/2021 11:38:00","23/10/2021","Temperature, Actual, D+1","10.0349","25/10/2021 12:30:00",""
"24/10/2021 11:38:00","23/10/2021","Temperature, Actual, D+1","10.0349","24/10/2021 12:30:00",""
"23/10/2021 11:38:00","22/10/2021","Temperature, Actual, D+1","9.8172","24/10/2021 12:30:00",""
"23/10/2021 11:38:00","22/10/2021","Temperature, Actual, D+1","9.8172","23/10/2021 12:30:00",""
"22/10/2021 11:38:00","21/10/2021","Temperature, Actual, D+1","10.0854","23/10/2021 12:30:00",""
"22/10/2021 11:38:00","21/10/2021","Temperature, Actual, D+1","10.0854","22/10/2021 12:30:00",""
"21/10/2021 11:38:00","20/10/2021","Temperature, Actual, D+1","12.3468","22/10/2021 12:30:00",""
"21/10/2021 11:38:00","20/10/2021","Temperature, Actual, D+1","12.3468","21/10/2021 12:30:00",""
"20/10/2021 13:49:00","19/10/2021","Temperature, Actual, D+1","13.3000","20/10/2021 12:49:00",""
"19/10/2021 09:55:00","18/10/2021","Temperature, Actual, D+1","11.9000","19/10/2021 08:56:00",""
"18/10/2021 09:53:00","17/10/2021","Temperature, Actual, D+1","11.5000","21/10/2021 11:40:01","L"
"18/10/2021 09:53:00","17/10/2021","Temperature, Actual, D+1","11.5000","19/10/2021 08:53:36",""
"17/10/2021 09:53:00","16/10/2021","Temperature, Actual, D+1","10.9000","21/10/2021 11:40:01","L"
"17/10/2021 09:53:00","16/10/2021","Temperature, Actual, D+1","10.9000","19/10/2021 08:53:12",""
"16/10/2021 09:52:00","15/10/2021","Temperature, Actual, D+1","11.1000","21/10/2021 11:40:01","L"
"16/10/2021 09:52:00","15/10/2021","Temperature, Actual, D+1","11.1000","19/10/2021 08:52:44",""
"15/10/2021 13:19:00","14/10/2021","Temperature, Actual, D+1","12.0000","15/10/2021 12:19:59",""
"14/10/2021 13:54:00","13/10/2021","Temperature, Actual, D+1","11.8000","14/10/2021 12:54:07",""
"13/10/2021 14:21:00","12/10/2021","Temperature, Actual, D+1","11.7000","13/10/2021 13:21:02",""
"12/10/2021 12:54:00","11/10/2021","Temperature, Actual, D+1","11.9000","12/10/2021 11:54:55",""
"11/10/2021 13:35:00","10/10/2021","Temperature, Actual, D+1","12.8000","11/10/2021 12:35:07",""
"10/10/2021 13:34:00","09/10/2021","Temperature, Actual, D+1","13.3000","21/10/2021 11:40:01","L"
"10/10/2021 13:34:00","09/10/2021","Temperature, Actual, D+1","13.3000","11/10/2021 12:34:20",""
"10/10/2021 13:33:00","09/10/2021","Temperature, Actual, D+1","13.3000","21/10/2021 11:40:01","L"
"10/10/2021 13:33:00","09/10/2021","Temperature, Actual, D+1","13.3000","11/10/2021 12:33:20",""
"08/10/2021 14:03:00","07/10/2021","Temperature, Actual, D+1","13.3000","08/10/2021 13:03:48",""
"07/10/2021 14:29:00","06/10/2021","Temperature, Actual, D+1","12.1000","07/10/2021 13:29:41",""
"06/10/2021 12:57:00","05/10/2021","Temperature, Actual, D+1","11.1000","06/10/2021 11:57:10",""
"05/10/2021 13:01:00","04/10/2021","Temperature, Actual, D+1","11.7000","05/10/2021 12:01:35",""
"04/10/2021 13:59:00","03/10/2021","Temperature, Actual, D+1","11.6000","04/10/2021 12:59:57",""
"03/10/2021 13:59:00","02/10/2021","Temperature, Actual, D+1","11.4000","21/10/2021 11:40:01","L"
"03/10/2021 13:59:00","02/10/2021","Temperature, Actual, D+1","11.4000","04/10/2021 12:59:38",""
"02/10/2021 13:59:00","01/10/2021","Temperature, Actual, D+1","12.4000","21/10/2021 11:40:01","L"
"02/10/2021 13:59:00","01/10/2021","Temperature, Actual, D+1","12.4000","04/10/2021 12:59:17",""
"01/10/2021 12:42:00","30/09/2021","Temperature, Actual, D+1","12.3000","01/10/2021 11:42:43",""
"30/09/2021 12:19:00","29/09/2021","Temperature, Actual, D+1","12.1000","30/09/2021 11:19:41",""
"29/09/2021 12:15:00","28/09/2021","Temperature, Actual, D+1","13.2000","29/09/2021 11:15:19",""
"28/09/2021 14:26:00","27/09/2021","Temperature, Actual, D+1","13.9000","28/09/2021 13:26:48",""
"27/09/2021 13:50:00","26/09/2021","Temperature, Actual, D+1","14.6000","27/09/2021 12:50:05",""
"26/09/2021 12:41:00","25/09/2021","Temperature, Actual, D+1","14.5000","21/10/2021 11:40:01","L"
"26/09/2021 12:41:00","25/09/2021","Temperature, Actual, D+1","14.5000","27/09/2021 11:41:33",""
"25/09/2021 12:41:00","24/09/2021","Temperature, Actual, D+1","14.4000","21/10/2021 11:40:01","L"
"25/09/2021 12:41:00","24/09/2021","Temperature, Actual, D+1","14.4000","27/09/2021 11:41:05",""
"24/09/2021 14:31:00","23/09/2021","Temperature, Actual, D+1","14.1000","24/09/2021 13:31:08",""
"23/09/2021 13:13:00","22/09/2021","Temperature, Actual, D+1","14.1000","23/09/2021 12:13:33",""
"22/09/2021 15:14:00","21/09/2021","Temperature, Actual, D+1","14.2000","22/09/2021 14:14:00",""
"21/09/2021 13:53:00","20/09/2021","Temperature, Actual, D+1","14.2000","21/09/2021 12:53:17",""
"20/09/2021 13:52:00","19/09/2021","Temperature, Actual, D+1","14.3000","20/09/2021 12:52:18",""
"19/09/2021 13:52:00","18/09/2021","Temperature, Actual, D+1","14.7000","21/10/2021 11:40:01","L"
"19/09/2021 13:52:00","18/09/2021","Temperature, Actual, D+1","14.7000","20/09/2021 12:52:10",""
"18/09/2021 13:50:00","17/09/2021","Temperature, Actual, D+1","14.5000","21/10/2021 11:40:01","L"
"18/09/2021 13:50:00","17/09/2021","Temperature, Actual, D+1","14.5000","20/09/2021 12:50:58",""
"17/09/2021 13:31:00","16/09/2021","Temperature, Actual, D+1","14.5000","17/09/2021 12:31:08",""
"16/09/2021 11:27:00","15/09/2021","Temperature, Actual, D+1","14.5000","16/09/2021 10:27:28",""
"15/09/2021 14:13:00","14/09/2021","Temperature, Actual, D+1","14.3000","15/09/2021 13:13:25",""
"14/09/2021 13:21:00","13/09/2021","Temperature, Actual, D+1","14.4000","14/09/2021 12:21:13",""
"13/09/2021 11:05:00","12/09/2021","Temperature, Actual, D+1","14.6000","13/09/2021 10:05:19",""
"12/09/2021 11:05:00","11/09/2021","Temperature, Actual, D+1","15.1000","21/10/2021 11:40:01","L"
"12/09/2021 11:05:00","11/09/2021","Temperature, Actual, D+1","15.1000","13/09/2021 10:05:13",""
"11/09/2021 11:05:00","10/09/2021","Temperature, Actual, D+1","15.2000","21/10/2021 11:40:01","L"
"11/09/2021 11:05:00","10/09/2021","Temperature, Actual, D+1","15.2000","13/09/2021 10:05:07",""
"10/09/2021 11:22:00","09/09/2021","Temperature, Actual, D+1","15.2000","10/09/2021 10:22:03",""
"09/09/2021 11:26:00","08/09/2021","Temperature, Actual, D+1","15.3000","09/09/2021 10:26:51",""
"08/09/2021 13:57:00","07/09/2021","Temperature, Actual, D+1","15.2000","08/09/2021 12:57:22",""
"07/09/2021 13:49:00","06/09/2021","Temperature, Actual, D+1","15.1000","07/09/2021 12:49:01",""
"06/09/2021 14:04:00","05/09/2021","Temperature, Actual, D+1","14.9000","06/09/2021 13:04:18",""
"05/09/2021 12:59:00","04/09/2021","Temperature, Actual, D+1","14.4000","21/10/2021 11:40:01","L"
"05/09/2021 12:59:00","04/09/2021","Temperature, Actual, D+1","14.4000","06/09/2021 11:59:44",""
"04/09/2021 12:57:00","03/09/2021","Temperature, Actual, D+1","14.4000","21/10/2021 11:40:01","L"
"04/09/2021 12:57:00","03/09/2021","Temperature, Actual, D+1","14.4000","06/09/2021 11:57:45",""
"03/09/2021 14:23:00","02/09/2021","Temperature, Actual, D+1","14.4000","03/09/2021 13:23:11",""
"02/09/2021 13:36:00","01/09/2021","Temperature, Actual, D+1","14.3000","02/09/2021 12:36:52",""
"01/09/2021 14:03:00","31/08/2021","Temperature, Actual, D+1","14.2000","01/09/2021 13:03:27",""
"31/08/2021 14:01:00","30/08/2021","Temperature, Actual, D+1","14.3000","21/10/2021 11:40:01","L"
"31/08/2021 14:01:00","30/08/2021","Temperature, Actual, D+1","14.3000","01/09/2021 13:01:06",""
"30/08/2021 13:58:00","29/08/2021","Temperature, Actual, D+1","14.4000","21/10/2021 11:40:01","L"
"30/08/2021 13:58:00","29/08/2021","Temperature, Actual, D+1","14.4000","01/09/2021 12:58:25",""
"29/08/2021 08:59:00","28/08/2021","Temperature, Actual, D+1","14.6000","21/10/2021 11:40:01","L"
"29/08/2021 08:59:00","28/08/2021","Temperature, Actual, D+1","14.6000","31/08/2021 07:59:55",""
"28/08/2021 11:01:00","27/08/2021","Temperature, Actual, D+1","14.5000","21/10/2021 11:40:01","L"
"28/08/2021 11:01:00","27/08/2021","Temperature, Actual, D+1","14.5000","29/08/2021 10:01:15",""
"27/08/2021 10:49:00","26/08/2021","Temperature, Actual, D+1","14.8000","27/08/2021 09:49:59",""
"26/08/2021 12:23:00","25/08/2021","Temperature, Actual, D+1","14.9000","26/08/2021 11:23:12",""
"25/08/2021 12:42:00","24/08/2021","Temperature, Actual, D+1","15.0000","25/08/2021 11:42:59",""
"24/08/2021 12:39:00","23/08/2021","Temperature, Actual, D+1","15.0000","24/08/2021 11:39:21",""
"23/08/2021 13:29:00","22/08/2021","Temperature, Actual, D+1","15.0000","23/08/2021 12:29:20",""
"22/08/2021 13:30:00","21/08/2021","Temperature, Actual, D+1","14.8000","21/10/2021 11:40:01","L"
"22/08/2021 13:30:00","21/08/2021","Temperature, Actual, D+1","14.8000","23/08/2021 12:30:18",""
"22/08/2021 10:36:00","21/08/2021","Temperature, Actual, D+1","14.8000","21/10/2021 11:40:01","L"
"22/08/2021 10:36:00","21/08/2021","Temperature, Actual, D+1","14.8000","23/08/2021 09:36:05",""
"21/08/2021 10:07:00","20/08/2021","Temperature, Actual, D+1","14.9000","21/10/2021 11:40:01","L"
"21/08/2021 10:07:00","20/08/2021","Temperature, Actual, D+1","14.9000","23/08/2021 09:07:43",""
"20/08/2021 12:38:00","19/08/2021","Temperature, Actual, D+1","14.7000","20/08/2021 11:38:30",""
"19/08/2021 11:14:00","18/08/2021","Temperature, Actual, D+1","14.7000","19/08/2021 10:14:24",""
"18/08/2021 09:39:00","17/08/2021","Temperature, Actual, D+1","14.5000","18/08/2021 08:39:52",""
"17/08/2021 11:29:00","16/08/2021","Temperature, Actual, D+1","14.6000","17/08/2021 10:29:54",""
"16/08/2021 11:06:00","15/08/2021","Temperature, Actual, D+1","14.9000","16/08/2021 10:06:21",""
"15/08/2021 11:06:00","14/08/2021","Temperature, Actual, D+1","15.0000","21/10/2021 11:40:01","L"
"15/08/2021 11:06:00","14/08/2021","Temperature, Actual, D+1","15.0000","16/08/2021 10:06:14",""
"14/08/2021 11:05:00","13/08/2021","Temperature, Actual, D+1","14.9000","21/10/2021 11:40:01","L"
"14/08/2021 11:05:00","13/08/2021","Temperature, Actual, D+1","14.9000","16/08/2021 10:05:52",""
"13/08/2021 14:23:00","12/08/2021","Temperature, Actual, D+1","14.9000","13/08/2021 13:23:38",""
"12/08/2021 15:00:00","11/08/2021","Temperature, Actual, D+1","15.0000","12/08/2021 14:00:04",""
"11/08/2021 13:50:00","10/08/2021","Temperature, Actual, D+1","14.9000","11/08/2021 12:50:54",""
"10/08/2021 13:44:00","09/08/2021","Temperature, Actual, D+1","14.6000","10/08/2021 12:44:04",""
"09/08/2021 13:48:00","08/08/2021","Temperature, Actual, D+1","14.5000","09/08/2021 12:48:13",""
"08/08/2021 12:45:00","07/08/2021","Temperature, Actual, D+1","14.6000","21/10/2021 11:40:01","L"
"08/08/2021 12:45:00","07/08/2021","Temperature, Actual, D+1","14.6000","09/08/2021 11:45:09",""
"07/08/2021 12:42:00","06/08/2021","Temperature, Actual, D+1","14.8000","21/10/2021 11:40:01","L"
"07/08/2021 12:42:00","06/08/2021","Temperature, Actual, D+1","14.8000","09/08/2021 11:42:48",""
"06/08/2021 13:15:00","05/08/2021","Temperature, Actual, D+1","14.8000","06/08/2021 12:15:16",""
"05/08/2021 13:26:00","04/08/2021","Temperature, Actual, D+1","14.9000","05/08/2021 12:26:20",""
"04/08/2021 16:29:00","03/08/2021","Temperature, Actual, D+1","14.7000","04/08/2021 15:29:34",""
"03/08/2021 13:19:00","02/08/2021","Temperature, Actual, D+1","14.5000","03/08/2021 12:19:21",""
"02/08/2021 12:49:00","01/08/2021","Temperature, Actual, D+1","14.6000","02/08/2021 11:49:11",""
"01/08/2021 12:49:00","31/07/2021","Temperature, Actual, D+1","14.5000","21/10/2021 11:40:01","L"
"01/08/2021 12:49:00","31/07/2021","Temperature, Actual, D+1","14.5000","02/08/2021 11:49:01",""
"31/07/2021 12:48:00","30/07/2021","Temperature, Actual, D+1","14.5000","21/10/2021 11:40:01","L"
"31/07/2021 12:48:00","30/07/2021","Temperature, Actual, D+1","14.5000","02/08/2021 11:48:45",""
"30/07/2021 09:27:00","29/07/2021","Temperature, Actual, D+1","14.8000","30/07/2021 08:27:17",""
"29/07/2021 10:39:00","28/07/2021","Temperature, Actual, D+1","14.8000","29/07/2021 09:39:41",""
"28/07/2021 13:10:00","27/07/2021","Temperature, Actual, D+1","15.2000","28/07/2021 12:10:53",""
"27/07/2021 12:01:00","26/07/2021","Temperature, Actual, D+1","15.3000","27/07/2021 11:01:01",""
"26/07/2021 12:38:00","25/07/2021","Temperature, Actual, D+1","15.2000","26/07/2021 11:38:39",""
"25/07/2021 12:38:00","24/07/2021","Temperature, Actual, D+1","15.3000","21/10/2021 11:40:01","L"
"25/07/2021 12:38:00","24/07/2021","Temperature, Actual, D+1","15.3000","26/07/2021 11:38:26",""
"24/07/2021 12:38:00","23/07/2021","Temperature, Actual, D+1","15.3000","21/10/2021 11:40:01","L"
"24/07/2021 12:38:00","23/07/2021","Temperature, Actual, D+1","15.3000","26/07/2021 11:38:20",""
"23/07/2021 14:43:00","22/07/2021","Temperature, Actual, D+1","15.3000","23/07/2021 13:43:50",""
"22/07/2021 12:56:00","21/07/2021","Temperature, Actual, D+1","15.3000","22/07/2021 11:56:43",""
"21/07/2021 15:34:00","20/07/2021","Temperature, Actual, D+1","15.3000","21/07/2021 14:34:11",""
"20/07/2021 14:00:00","19/07/2021","Temperature, Actual, D+1","15.3000","20/07/2021 13:00:51",""
"19/07/2021 14:35:00","18/07/2021","Temperature, Actual, D+1","15.2000","19/07/2021 13:35:47",""
"18/07/2021 13:37:00","17/07/2021","Temperature, Actual, D+1","15.3000","21/10/2021 11:40:01","L"
"18/07/2021 13:37:00","17/07/2021","Temperature, Actual, D+1","15.3000","19/07/2021 12:37:40",""
"17/07/2021 13:12:00","16/07/2021","Temperature, Actual, D+1","15.3000","21/10/2021 11:40:01","L"
"17/07/2021 13:12:00","16/07/2021","Temperature, Actual, D+1","15.3000","19/07/2021 12:12:18",""
"16/07/2021 10:51:00","15/07/2021","Temperature, Actual, D+1","15.2000","16/07/2021 09:51:02",""
"15/07/2021 11:19:00","14/07/2021","Temperature, Actual, D+1","15.2000","15/07/2021 10:19:25",""
"14/07/2021 11:37:00","13/07/2021","Temperature, Actual, D+1","15.0000","14/07/2021 10:37:09",""
"13/07/2021 11:38:00","12/07/2021","Temperature, Actual, D+1","14.7000","13/07/2021 10:38:58",""
"12/07/2021 11:03:00","11/07/2021","Temperature, Actual, D+1","14.8000","12/07/2021 10:03:21",""
"11/07/2021 11:02:00","10/07/2021","Temperature, Actual, D+1","14.8000","21/10/2021 11:40:01","L"
"11/07/2021 11:02:00","10/07/2021","Temperature, Actual, D+1","14.8000","12/07/2021 10:02:56",""
"10/07/2021 11:02:00","09/07/2021","Temperature, Actual, D+1","14.9000","21/10/2021 11:40:01","L"
"10/07/2021 11:02:00","09/07/2021","Temperature, Actual, D+1","14.9000","12/07/2021 10:02:24",""
"09/07/2021 13:41:00","08/07/2021","Temperature, Actual, D+1","14.8000","09/07/2021 12:41:41",""
"08/07/2021 12:06:00","07/07/2021","Temperature, Actual, D+1","14.5000","08/07/2021 11:06:25",""
"07/07/2021 13:36:00","06/07/2021","Temperature, Actual, D+1","14.3000","07/07/2021 12:36:19",""
"06/07/2021 13:34:00","05/07/2021","Temperature, Actual, D+1","14.6000","06/07/2021 12:34:17",""
"05/07/2021 13:42:00","04/07/2021","Temperature, Actual, D+1","14.8000","05/07/2021 12:42:16",""
"04/07/2021 10:57:00","03/07/2021","Temperature, Actual, D+1","14.8000","21/10/2021 11:40:01","L"
"04/07/2021 10:57:00","03/07/2021","Temperature, Actual, D+1","14.8000","05/07/2021 09:57:25",""
"03/07/2021 10:57:00","02/07/2021","Temperature, Actual, D+1","14.9000","21/10/2021 11:40:01","L"
"03/07/2021 10:57:00","02/07/2021","Temperature, Actual, D+1","14.9000","05/07/2021 09:57:14",""
"02/07/2021 11:41:00","01/07/2021","Temperature, Actual, D+1","14.7000","02/07/2021 10:41:25",""
"01/07/2021 14:09:00","30/06/2021","Temperature, Actual, D+1","14.4000","01/07/2021 13:09:45",""
"30/06/2021 11:32:00","29/06/2021","Temperature, Actual, D+1","14.5000","30/06/2021 10:32:03",""
"29/06/2021 11:36:00","28/06/2021","Temperature, Actual, D+1","14.4000","29/06/2021 10:36:48",""
"28/06/2021 11:45:00","27/06/2021","Temperature, Actual, D+1","14.4000","28/06/2021 10:45:25",""
"27/06/2021 11:44:00","26/06/2021","Temperature, Actual, D+1","14.3000","21/10/2021 11:40:01","L"
"27/06/2021 11:44:00","26/06/2021","Temperature, Actual, D+1","14.3000","28/06/2021 10:44:55",""
"26/06/2021 11:44:00","25/06/2021","Temperature, Actual, D+1","14.0000","21/10/2021 11:40:01","L"
"26/06/2021 11:44:00","25/06/2021","Temperature, Actual, D+1","14.0000","28/06/2021 10:44:46",""
"25/06/2021 14:30:00","24/06/2021","Temperature, Actual, D+1","14.3000","25/06/2021 13:30:52",""
"24/06/2021 10:17:00","23/06/2021","Temperature, Actual, D+1","14.1000","21/10/2021 11:40:01","L"
"24/06/2021 10:17:00","23/06/2021","Temperature, Actual, D+1","14.1000","25/06/2021 09:17:44",""
"23/06/2021 13:17:00","22/06/2021","Temperature, Actual, D+1","4.0000","23/06/2021 12:17:03",""
"22/06/2021 16:12:00","21/06/2021","Temperature, Actual, D+1","13.4000","22/06/2021 15:12:06",""
"21/06/2021 14:59:00","20/06/2021","Temperature, Actual, D+1","13.9000","21/06/2021 13:59:43",""
"20/06/2021 14:59:00","19/06/2021","Temperature, Actual, D+1","14.0000","21/10/2021 11:40:01","L"
"20/06/2021 14:59:00","19/06/2021","Temperature, Actual, D+1","14.0000","21/06/2021 13:59:31",""
"19/06/2021 14:59:00","18/06/2021","Temperature, Actual, D+1","14.2000","21/10/2021 11:40:01","L"
"19/06/2021 14:59:00","18/06/2021","Temperature, Actual, D+1","14.2000","21/06/2021 13:59:19",""
"18/06/2021 11:57:00","17/06/2021","Temperature, Actual, D+1","14.9000","18/06/2021 10:57:51",""
"17/06/2021 12:16:00","16/06/2021","Temperature, Actual, D+1","15.0000","17/06/2021 11:16:12",""
"16/06/2021 13:48:00","15/06/2021","Temperature, Actual, D+1","15.0000","16/06/2021 12:48:31",""
"15/06/2021 13:33:00","14/06/2021","Temperature, Actual, D+1","14.9000","15/06/2021 12:33:12",""
"14/06/2021 14:00:00","13/06/2021","Temperature, Actual, D+1","15.2000","14/06/2021 13:00:11",""
"13/06/2021 09:56:00","12/06/2021","Temperature, Actual, D+1","14.9000","21/10/2021 11:40:01","L"
"13/06/2021 09:56:00","12/06/2021","Temperature, Actual, D+1","14.9000","14/06/2021 08:56:57",""
"12/06/2021 09:56:00","11/06/2021","Temperature, Actual, D+1","15.0000","21/10/2021 11:40:01","L"
"12/06/2021 09:56:00","11/06/2021","Temperature, Actual, D+1","15.0000","14/06/2021 08:56:46",""
"11/06/2021 13:35:00","10/06/2021","Temperature, Actual, D+1","15.0000","11/06/2021 12:35:08",""
"10/06/2021 13:09:00","09/06/2021","Temperature, Actual, D+1","15.0000","10/06/2021 12:09:17",""
"09/06/2021 13:26:00","08/06/2021","Temperature, Actual, D+1","14.8000","09/06/2021 12:26:13",""
"08/06/2021 13:52:00","07/06/2021","Temperature, Actual, D+1","14.7000","08/06/2021 12:52:15",""
"08/06/2021 13:47:00","07/06/2021","Temperature, Actual, D+1","14.7000","08/06/2021 12:47:20",""
"08/06/2021 13:44:00","07/06/2021","Temperature, Actual, D+1","14.7000","08/06/2021 12:44:19",""
"07/06/2021 13:53:00","06/06/2021","Temperature, Actual, D+1","14.7000","21/10/2021 11:40:01","L"
"07/06/2021 13:53:00","06/06/2021","Temperature, Actual, D+1","14.7000","08/06/2021 12:53:52",""
"07/06/2021 13:49:00","06/06/2021","Temperature, Actual, D+1","14.7000","21/10/2021 11:40:01","L"
"07/06/2021 13:49:00","06/06/2021","Temperature, Actual, D+1","14.7000","08/06/2021 12:49:42",""
"06/06/2021 13:47:00","05/06/2021","Temperature, Actual, D+1","14.6000","21/10/2021 11:40:01","L"
"06/06/2021 13:47:00","05/06/2021","Temperature, Actual, D+1","14.6000","08/06/2021 12:47:01",""
"05/06/2021 13:46:00","04/06/2021","Temperature, Actual, D+1","14.4000","21/10/2021 11:40:01","L"
"05/06/2021 13:46:00","04/06/2021","Temperature, Actual, D+1","14.4000","08/06/2021 12:46:16",""
"05/06/2021 11:23:00","04/06/2021","Temperature, Actual, D+1","14.4000","21/10/2021 11:40:01","L"
"05/06/2021 11:23:00","04/06/2021","Temperature, Actual, D+1","14.4000","07/06/2021 10:23:23",""
"04/06/2021 13:45:00","03/06/2021","Temperature, Actual, D+1","14.7000","21/10/2021 11:40:01","L"
"04/06/2021 13:45:00","03/06/2021","Temperature, Actual, D+1","14.7000","08/06/2021 12:45:48",""
"03/06/2021 13:05:00","02/06/2021","Temperature, Actual, D+1","15.0000","03/06/2021 12:05:13",""
"02/06/2021 13:19:00","01/06/2021","Temperature, Actual, D+1","14.8000","02/06/2021 12:19:03",""
"01/06/2021 13:15:00","31/05/2021","Temperature, Actual, D+1","14.3000","01/06/2021 12:15:07",""
"31/05/2021 13:14:00","30/05/2021","Temperature, Actual, D+1","14.0000","21/10/2021 11:40:01","L"
"31/05/2021 13:14:00","30/05/2021","Temperature, Actual, D+1","14.0000","01/06/2021 12:14:57",""
"30/05/2021 13:14:00","29/05/2021","Temperature, Actual, D+1","14.0000","21/10/2021 11:40:01","L"
"30/05/2021 13:14:00","29/05/2021","Temperature, Actual, D+1","14.0000","01/06/2021 12:14:51",""
"29/05/2021 13:14:00","28/05/2021","Temperature, Actual, D+1","13.6000","21/10/2021 11:40:01","L"
"29/05/2021 13:14:00","28/05/2021","Temperature, Actual, D+1","13.6000","01/06/2021 12:14:44",""
"28/05/2021 14:19:00","27/05/2021","Temperature, Actual, D+1","13.1000","28/05/2021 13:19:22",""
"27/05/2021 15:46:00","26/05/2021","Temperature, Actual, D+1","11.5000","27/05/2021 14:46:09",""
"26/05/2021 13:12:00","25/05/2021","Temperature, Actual, D+1","10.8000","26/05/2021 12:12:57",""
"25/05/2021 13:20:00","24/05/2021","Temperature, Actual, D+1","10.5000","25/05/2021 12:20:16",""
"24/05/2021 13:35:00","23/05/2021","Temperature, Actual, D+1","10.3000","24/05/2021 12:35:23",""
"23/05/2021 12:39:00","22/05/2021","Temperature, Actual, D+1","10.8000","21/10/2021 11:40:01","L"
"23/05/2021 12:39:00","22/05/2021","Temperature, Actual, D+1","10.8000","24/05/2021 11:39:59",""
"22/05/2021 12:37:00","21/05/2021","Temperature, Actual, D+1","10.8000","21/10/2021 11:40:01","L"
"22/05/2021 12:37:00","21/05/2021","Temperature, Actual, D+1","10.8000","24/05/2021 11:37:48",""
"21/05/2021 13:43:00","20/05/2021","Temperature, Actual, D+1","10.9000","21/05/2021 12:43:10",""
"20/05/2021 13:27:00","19/05/2021","Temperature, Actual, D+1","12.1000","20/05/2021 12:27:29",""
"19/05/2021 14:27:00","18/05/2021","Temperature, Actual, D+1","11.7000","19/05/2021 13:27:46",""
"18/05/2021 14:13:00","17/05/2021","Temperature, Actual, D+1","11.6000","18/05/2021 13:13:23",""
"17/05/2021 13:15:00","16/05/2021","Temperature, Actual, D+1","11.4000","17/05/2021 12:15:54",""
"16/05/2021 13:15:00","15/05/2021","Temperature, Actual, D+1","11.2000","21/10/2021 11:40:01","L"
"16/05/2021 13:15:00","15/05/2021","Temperature, Actual, D+1","11.2000","17/05/2021 12:15:43",""
"15/05/2021 13:15:00","14/05/2021","Temperature, Actual, D+1","11.2000","21/10/2021 11:40:01","L"
"15/05/2021 13:15:00","14/05/2021","Temperature, Actual, D+1","11.2000","17/05/2021 12:15:26",""
"14/05/2021 12:42:00","13/05/2021","Temperature, Actual, D+1","11.4000","14/05/2021 11:42:37",""
"13/05/2021 12:28:00","12/05/2021","Temperature, Actual, D+1","12.0000","13/05/2021 11:28:03",""
"12/05/2021 13:04:00","11/05/2021","Temperature, Actual, D+1","11.8000","12/05/2021 12:04:05",""
"11/05/2021 11:52:00","10/05/2021","Temperature, Actual, D+1","12.0000","11/05/2021 10:52:37",""
"10/05/2021 12:05:00","09/05/2021","Temperature, Actual, D+1","12.2000","10/05/2021 11:05:59",""
"09/05/2021 12:05:00","08/05/2021","Temperature, Actual, D+1","10.0000","21/10/2021 11:40:01","L"
"09/05/2021 12:05:00","08/05/2021","Temperature, Actual, D+1","10.0000","10/05/2021 11:05:36",""
"08/05/2021 12:04:00","07/05/2021","Temperature, Actual, D+1","9.3000","21/10/2021 11:40:01","L"
"08/05/2021 12:04:00","07/05/2021","Temperature, Actual, D+1","9.3000","10/05/2021 11:04:49",""
"07/05/2021 14:20:00","06/05/2021","Temperature, Actual, D+1","8.4000","07/05/2021 13:20:32",""
"06/05/2021 12:23:00","05/05/2021","Temperature, Actual, D+1","8.4000","06/05/2021 11:23:00",""
"05/05/2021 12:22:00","04/05/2021","Temperature, Actual, D+1","8.6000","21/10/2021 11:40:01","L"
"05/05/2021 12:22:00","04/05/2021","Temperature, Actual, D+1","8.6000","06/05/2021 11:22:25",""
"04/05/2021 13:43:00","03/05/2021","Temperature, Actual, D+1","8.4000","04/05/2021 12:43:31",""
"03/05/2021 13:43:00","02/05/2021","Temperature, Actual, D+1","9.2000","21/10/2021 11:40:01","L"
"03/05/2021 13:43:00","02/05/2021","Temperature, Actual, D+1","9.2000","04/05/2021 12:43:24",""
"02/05/2021 13:43:00","01/05/2021","Temperature, Actual, D+1","8.7000","21/10/2021 11:40:01","L"
"02/05/2021 13:43:00","01/05/2021","Temperature, Actual, D+1","8.7000","04/05/2021 12:43:15",""
"01/05/2021 13:43:00","30/04/2021","Temperature, Actual, D+1","8.6000","21/10/2021 11:40:01","L"
"01/05/2021 13:43:00","30/04/2021","Temperature, Actual, D+1","8.6000","04/05/2021 12:43:07",""
"30/04/2021 12:27:00","29/04/2021","Temperature, Actual, D+1","8.7000","30/04/2021 11:27:26",""
"29/04/2021 11:52:00","28/04/2021","Temperature, Actual, D+1","8.8000","29/04/2021 10:52:43",""
"28/04/2021 12:51:00","27/04/2021","Temperature, Actual, D+1","9.7000","28/04/2021 11:51:35",""
"27/04/2021 14:26:00","26/04/2021","Temperature, Actual, D+1","9.9000","27/04/2021 13:26:27",""
"26/04/2021 14:41:00","25/04/2021","Temperature, Actual, D+1","10.2000","26/04/2021 13:41:55",""
"25/04/2021 12:56:00","24/04/2021","Temperature, Actual, D+1","10.9000","25/04/2021 11:56:48",""
"24/04/2021 12:37:00","23/04/2021","Temperature, Actual, D+1","10.7000","21/10/2021 11:40:01","L"
"24/04/2021 12:37:00","23/04/2021","Temperature, Actual, D+1","10.7000","25/04/2021 11:37:07",""
"23/04/2021 15:26:00","22/04/2021","Temperature, Actual, D+1","9.9000","23/04/2021 14:26:36",""
"22/04/2021 15:44:00","21/04/2021","Temperature, Actual, D+1","10.1000","22/04/2021 14:44:40",""
"21/04/2021 11:47:00","20/04/2021","Temperature, Actual, D+1","10.8000","21/04/2021 10:47:52",""
"20/04/2021 11:35:00","19/04/2021","Temperature, Actual, D+1","10.1000","20/04/2021 10:35:13",""
"19/04/2021 12:47:00","18/04/2021","Temperature, Actual, D+1","9.2000","19/04/2021 11:47:07",""
"18/04/2021 12:46:00","17/04/2021","Temperature, Actual, D+1","8.4000","21/10/2021 11:40:01","L"
"18/04/2021 12:46:00","17/04/2021","Temperature, Actual, D+1","8.4000","19/04/2021 11:46:36",""
"17/04/2021 12:46:00","16/04/2021","Temperature, Actual, D+1","7.7000","21/10/2021 11:40:01","L"
"17/04/2021 12:46:00","16/04/2021","Temperature, Actual, D+1","7.7000","19/04/2021 11:46:07",""
"16/04/2021 12:47:00","15/04/2021","Temperature, Actual, D+1","7.5000","16/04/2021 11:47:56",""
"15/04/2021 11:53:00","14/04/2021","Temperature, Actual, D+1","7.5000","15/04/2021 10:53:30",""
"14/04/2021 14:02:00","13/04/2021","Temperature, Actual, D+1","7.0000","14/04/2021 13:02:53",""
"13/04/2021 14:04:00","12/04/2021","Temperature, Actual, D+1","6.2000","13/04/2021 13:04:11",""
"12/04/2021 11:53:00","11/04/2021","Temperature, Actual, D+1","5.9000","12/04/2021 10:53:11",""
"11/04/2021 09:46:00","10/04/2021","Temperature, Actual, D+1","6.2000","21/10/2021 11:40:01","L"
"11/04/2021 09:46:00","10/04/2021","Temperature, Actual, D+1","6.2000","12/04/2021 08:46:54",""
"10/04/2021 09:46:00","09/04/2021","Temperature, Actual, D+1","7.2000","21/10/2021 11:40:01","L"
"10/04/2021 09:46:00","09/04/2021","Temperature, Actual, D+1","7.2000","12/04/2021 08:46:45",""
"09/04/2021 13:25:00","08/04/2021","Temperature, Actual, D+1","4.9000","09/04/2021 12:25:40",""
"08/04/2021 14:33:00","07/04/2021","Temperature, Actual, D+1","5.0000","08/04/2021 13:33:23",""
"07/04/2021 14:15:00","06/04/2021","Temperature, Actual, D+1","4.9000","07/04/2021 13:15:32",""
"06/04/2021 14:25:00","05/04/2021","Temperature, Actual, D+1","6.2000","06/04/2021 13:26:00",""
"05/04/2021 09:16:00","04/04/2021","Temperature, Actual, D+1","8.1000","21/10/2021 11:40:01","L"
"05/04/2021 09:16:00","04/04/2021","Temperature, Actual, D+1","8.1000","06/04/2021 08:16:46",""
"04/04/2021 10:33:00","03/04/2021","Temperature, Actual, D+1","7.8000","21/10/2021 11:40:01","L"
"04/04/2021 10:33:00","03/04/2021","Temperature, Actual, D+1","7.8000","05/04/2021 09:33:04",""
"03/04/2021 10:32:00","02/04/2021","Temperature, Actual, D+1","8.4000","21/10/2021 11:40:01","L"
"03/04/2021 10:32:00","02/04/2021","Temperature, Actual, D+1","8.4000","05/04/2021 09:32:57",""
"02/04/2021 10:32:00","01/04/2021","Temperature, Actual, D+1","9.5000","21/10/2021 11:40:01","L"
"02/04/2021 10:32:00","01/04/2021","Temperature, Actual, D+1","9.5000","05/04/2021 09:32:52",""
"01/04/2021 13:17:00","31/03/2021","Temperature, Actual, D+1","12.0000","01/04/2021 12:17:41",""
"31/03/2021 16:06:00","30/03/2021","Temperature, Actual, D+1","11.5000","31/03/2021 15:06:29",""
"30/03/2021 13:21:00","29/03/2021","Temperature, Actual, D+1","10.2000","30/03/2021 12:21:16",""
"29/03/2021 13:35:00","28/03/2021","Temperature, Actual, D+1","8.4000","29/03/2021 12:35:35",""
"28/03/2021 11:53:00","27/03/2021","Temperature, Actual, D+1","7.2000","21/10/2021 11:40:01","L"
"28/03/2021 11:53:00","27/03/2021","Temperature, Actual, D+1","7.2000","29/03/2021 10:53:36",""
"27/03/2021 10:08:00","26/03/2021","Temperature, Actual, D+1","4.0000","21/10/2021 11:40:01","L"
"27/03/2021 10:08:00","26/03/2021","Temperature, Actual, D+1","4.0000","29/03/2021 10:08:30",""
"26/03/2021 11:42:00","25/03/2021","Temperature, Actual, D+1","8.2000","26/03/2021 11:42:34",""
"26/03/2021 10:08:00","25/03/2021","Temperature, Actual, D+1","8.2000","21/10/2021 11:40:01","L"
"26/03/2021 10:08:00","25/03/2021","Temperature, Actual, D+1","8.2000","29/03/2021 10:08:05",""
"25/03/2021 12:16:00","24/03/2021","Temperature, Actual, D+1","8.0000","25/03/2021 12:16:06",""
"23/03/2021 11:48:00","22/03/2021","Temperature, Actual, D+1","7.8000","23/03/2021 11:48:15",""
"22/03/2021 12:57:00","21/03/2021","Temperature, Actual, D+1","7.8000","22/03/2021 12:57:05",""
"21/03/2021 09:13:00","20/03/2021","Temperature, Actual, D+1","7.5000","21/10/2021 11:40:01","L"
"21/03/2021 09:13:00","20/03/2021","Temperature, Actual, D+1","7.5000","22/03/2021 09:13:09",""
"20/03/2021 09:12:00","19/03/2021","Temperature, Actual, D+1","7.5000","21/10/2021 11:40:01","L"
"20/03/2021 09:12:00","19/03/2021","Temperature, Actual, D+1","7.5000","22/03/2021 09:12:52",""
"19/03/2021 12:41:00","18/03/2021","Temperature, Actual, D+1","7.5000","19/03/2021 12:41:57",""
"18/03/2021 15:35:00","17/03/2021","Temperature, Actual, D+1","7.3000","18/03/2021 15:35:40",""
"17/03/2021 15:35:00","16/03/2021","Temperature, Actual, D+1","7.9000","21/10/2021 11:40:01","L"
"17/03/2021 15:35:00","16/03/2021","Temperature, Actual, D+1","7.9000","18/03/2021 15:35:19",""
"16/03/2021 14:09:00","15/03/2021","Temperature, Actual, D+1","7.2000","16/03/2021 14:09:26",""
"15/03/2021 14:03:00","14/03/2021","Temperature, Actual, D+1","5.9000","15/03/2021 14:03:45",""
"14/03/2021 14:03:00","13/03/2021","Temperature, Actual, D+1","5.2000","21/10/2021 11:40:01","L"
"14/03/2021 14:03:00","13/03/2021","Temperature, Actual, D+1","5.2000","15/03/2021 14:03:18",""
"13/03/2021 14:02:00","12/03/2021","Temperature, Actual, D+1","5.6000","21/10/2021 11:40:01","L"
"13/03/2021 14:02:00","12/03/2021","Temperature, Actual, D+1","5.6000","15/03/2021 14:02:08",""
"12/03/2021 11:35:00","11/03/2021","Temperature, Actual, D+1","5.7000","12/03/2021 11:35:27",""
"11/03/2021 11:31:00","10/03/2021","Temperature, Actual, D+1","5.5000","21/10/2021 11:40:01","L"
"11/03/2021 11:31:00","10/03/2021","Temperature, Actual, D+1","5.5000","12/03/2021 11:31:41",""
"11/03/2021 11:11:00","10/03/2021","Temperature, Actual, D+1","5.5000","11/03/2021 11:11:14",""
"10/03/2021 12:19:00","09/03/2021","Temperature, Actual, D+1","5.4000","10/03/2021 12:19:15",""
"10/03/2021 11:34:00","09/03/2021","Temperature, Actual, D+1","5.4000","21/10/2021 11:40:01","L"
"10/03/2021 11:34:00","09/03/2021","Temperature, Actual, D+1","5.4000","12/03/2021 11:34:06",""
"09/03/2021 12:01:00","08/03/2021","Temperature, Actual, D+1","4.7000","09/03/2021 12:01:21",""
"08/03/2021 12:10:00","07/03/2021","Temperature, Actual, D+1","4.1000","08/03/2021 12:10:42",""
"07/03/2021 12:10:00","06/03/2021","Temperature, Actual, D+1","3.9000","21/10/2021 11:40:01","L"
"07/03/2021 12:10:00","06/03/2021","Temperature, Actual, D+1","3.9000","08/03/2021 12:10:08",""
"06/03/2021 12:09:00","05/03/2021","Temperature, Actual, D+1","4.0000","21/10/2021 11:40:01","L"
"06/03/2021 12:09:00","05/03/2021","Temperature, Actual, D+1","4.0000","08/03/2021 12:09:47",""
"05/03/2021 10:36:00","04/03/2021","Temperature, Actual, D+1","4.0000","05/03/2021 10:36:59",""
"04/03/2021 14:40:00","03/03/2021","Temperature, Actual, D+1","4.4000","04/03/2021 14:40:57",""
"03/03/2021 12:20:00","02/03/2021","Temperature, Actual, D+1","4.6000","03/03/2021 12:20:17",""
"02/03/2021 12:02:00","01/03/2021","Temperature, Actual, D+1","5.0000","02/03/2021 12:02:11",""
"01/03/2021 14:37:00","28/02/2021","Temperature, Actual, D+1","5.8000","01/03/2021 14:37:22",""
"28/02/2021 09:23:00","27/02/2021","Temperature, Actual, D+1","6.3000","21/10/2021 11:40:01","L"
"28/02/2021 09:23:00","27/02/2021","Temperature, Actual, D+1","6.3000","01/03/2021 09:23:31",""
"27/02/2021 09:22:00","26/02/2021","Temperature, Actual, D+1","6.6000","21/10/2021 11:40:01","L"
"27/02/2021 09:22:00","26/02/2021","Temperature, Actual, D+1","6.6000","01/03/2021 09:22:08",""
"26/02/2021 11:51:00","25/02/2021","Temperature, Actual, D+1","7.6000","26/02/2021 11:51:44",""
"25/02/2021 11:54:00","24/02/2021","Temperature, Actual, D+1","8.8000","25/02/2021 11:54:41",""
"24/02/2021 12:09:00","23/02/2021","Temperature, Actual, D+1","7.6000","24/02/2021 12:09:17",""
"23/02/2021 12:25:00","22/02/2021","Temperature, Actual, D+1","7.2000","23/02/2021 12:25:20",""
"22/02/2021 12:25:00","21/02/2021","Temperature, Actual, D+1","8.1000","21/10/2021 11:40:01","L"
"22/02/2021 12:25:00","21/02/2021","Temperature, Actual, D+1","8.1000","23/02/2021 12:25:09",""
"21/02/2021 12:24:00","20/02/2021","Temperature, Actual, D+1","7.8000","21/10/2021 11:40:01","L"
"21/02/2021 12:24:00","20/02/2021","Temperature, Actual, D+1","7.8000","23/02/2021 12:24:57",""
"20/02/2021 12:24:00","19/02/2021","Temperature, Actual, D+1","6.1000","21/10/2021 11:40:01","L"
"20/02/2021 12:24:00","19/02/2021","Temperature, Actual, D+1","6.1000","23/02/2021 12:24:42",""
"19/02/2021 12:54:00","18/02/2021","Temperature, Actual, D+1","5.8000","19/02/2021 12:54:37",""
"18/02/2021 12:49:00","17/02/2021","Temperature, Actual, D+1","6.2000","18/02/2021 12:49:05",""
"17/02/2021 12:36:00","16/02/2021","Temperature, Actual, D+1","5.5000","17/02/2021 12:36:14",""
"16/02/2021 11:51:00","15/02/2021","Temperature, Actual, D+1","4.5000","16/02/2021 11:51:04",""
"15/02/2021 10:31:00","14/02/2021","Temperature, Actual, D+1","0.2000","21/10/2021 11:40:01","L"
"15/02/2021 10:31:00","14/02/2021","Temperature, Actual, D+1","0.2000","16/02/2021 10:31:07",""
"14/02/2021 10:24:00","13/02/2021","Temperature, Actual, D+1","-2.0000","21/10/2021 11:40:01","L"
"14/02/2021 10:24:00","13/02/2021","Temperature, Actual, D+1","-2.0000","15/02/2021 10:24:26",""
"13/02/2021 10:24:00","12/02/2021","Temperature, Actual, D+1","-2.0000","21/10/2021 11:40:01","L"
"13/02/2021 10:24:00","12/02/2021","Temperature, Actual, D+1","-2.0000","15/02/2021 10:24:20",""
"12/02/2021 11:34:00","11/02/2021","Temperature, Actual, D+1","-1.5000","12/02/2021 11:34:00",""
"11/02/2021 12:54:00","10/02/2021","Temperature, Actual, D+1","-0.4000","11/02/2021 12:54:15",""
"10/02/2021 14:18:00","09/02/2021","Temperature, Actual, D+1","-0.6000","10/02/2021 14:18:13",""
"09/02/2021 14:01:00","08/02/2021","Temperature, Actual, D+1","-0.2000","09/02/2021 14:01:10",""
"08/02/2021 13:05:00","07/02/2021","Temperature, Actual, D+1","1.0000","08/02/2021 13:05:42",""
"07/02/2021 09:22:00","06/02/2021","Temperature, Actual, D+1","3.6000","21/10/2021 11:40:01","L"
"07/02/2021 09:22:00","06/02/2021","Temperature, Actual, D+1","3.6000","08/02/2021 09:22:18",""
"06/02/2021 09:22:00","05/02/2021","Temperature, Actual, D+1","4.7000","21/10/2021 11:40:01","L"
"06/02/2021 09:22:00","05/02/2021","Temperature, Actual, D+1","4.7000","08/02/2021 09:22:03",""
"05/02/2021 13:18:00","04/02/2021","Temperature, Actual, D+1","4.5000","05/02/2021 13:18:47",""
"04/02/2021 13:03:00","03/02/2021","Temperature, Actual, D+1","4.4000","04/02/2021 13:03:45",""
"03/02/2021 13:32:00","02/02/2021","Temperature, Actual, D+1","4.0000","03/02/2021 13:32:26",""
"02/02/2021 12:01:00","01/02/2021","Temperature, Actual, D+1","2.3000","02/02/2021 12:01:38",""
"01/02/2021 12:18:00","31/01/2021","Temperature, Actual, D+1","2.2000","01/02/2021 12:18:51",""
"31/01/2021 12:18:00","30/01/2021","Temperature, Actual, D+1","2.9000","21/10/2021 11:40:01","L"
"31/01/2021 12:18:00","30/01/2021","Temperature, Actual, D+1","2.9000","01/02/2021 12:18:31",""
"30/01/2021 12:18:00","29/01/2021","Temperature, Actual, D+1","5.5000","21/10/2021 11:40:01","L"
"30/01/2021 12:18:00","29/01/2021","Temperature, Actual, D+1","5.5000","01/02/2021 12:18:12",""
"29/01/2021 12:03:00","28/01/2021","Temperature, Actual, D+1","5.4000","29/01/2021 12:03:11",""
"28/01/2021 12:10:00","27/01/2021","Temperature, Actual, D+1","3.9000","28/01/2021 12:10:36",""
"27/01/2021 12:47:00","26/01/2021","Temperature, Actual, D+1","1.6000","27/01/2021 12:47:34",""
"26/01/2021 12:00:00","25/01/2021","Temperature, Actual, D+1","0.9000","26/01/2021 12:00:04",""
"25/01/2021 14:00:00","24/01/2021","Temperature, Actual, D+1","0.5000","25/01/2021 14:00:12",""
"24/01/2021 13:59:00","23/01/2021","Temperature, Actual, D+1","1.8000","21/10/2021 11:40:01","L"
"24/01/2021 13:59:00","23/01/2021","Temperature, Actual, D+1","1.8000","25/01/2021 14:00:00",""
"23/01/2021 13:59:00","22/01/2021","Temperature, Actual, D+1","3.5000","21/10/2021 11:40:01","L"
"23/01/2021 13:59:00","22/01/2021","Temperature, Actual, D+1","3.5000","25/01/2021 13:59:46",""
"22/01/2021 11:59:00","21/01/2021","Temperature, Actual, D+1","4.1000","22/01/2021 11:59:43",""
"21/01/2021 13:15:00","20/01/2021","Temperature, Actual, D+1","4.9000","21/01/2021 13:15:58",""
"20/01/2021 11:44:00","19/01/2021","Temperature, Actual, D+1","5.2000","20/01/2021 11:44:26",""
"19/01/2021 12:04:00","18/01/2021","Temperature, Actual, D+1","3.8000","19/01/2021 12:04:35",""
"18/01/2021 13:33:00","17/01/2021","Temperature, Actual, D+1","3.5000","18/01/2021 13:33:18",""
"17/01/2021 13:33:00","16/01/2021","Temperature, Actual, D+1","2.8000","21/10/2021 11:40:01","L"
"17/01/2021 13:33:00","16/01/2021","Temperature, Actual, D+1","2.8000","18/01/2021 13:33:13",""
"16/01/2021 13:33:00","15/01/2021","Temperature, Actual, D+1","1.7000","21/10/2021 11:40:01","L"
"16/01/2021 13:33:00","15/01/2021","Temperature, Actual, D+1","1.7000","18/01/2021 13:33:06",""
"15/01/2021 12:27:00","14/01/2021","Temperature, Actual, D+1","2.9000","15/01/2021 12:27:14",""
"14/01/2021 11:19:00","13/01/2021","Temperature, Actual, D+1","3.7000","14/01/2021 11:19:45",""
"13/01/2021 12:36:00","12/01/2021","Temperature, Actual, D+1","3.5000","13/01/2021 12:36:20",""
"12/01/2021 12:41:00","11/01/2021","Temperature, Actual, D+1","3.1000","12/01/2021 12:41:56",""
"11/01/2021 12:05:00","10/01/2021","Temperature, Actual, D+1","1.1000","11/01/2021 12:05:33",""
"10/01/2021 11:49:00","09/01/2021","Temperature, Actual, D+1","0.4000","21/10/2021 11:40:01","L"
"10/01/2021 11:49:00","09/01/2021","Temperature, Actual, D+1","0.4000","11/01/2021 11:49:25",""
"10/01/2021 11:46:00","09/01/2021","Temperature, Actual, D+1","0.4000","21/10/2021 11:40:01","L"
"10/01/2021 11:46:00","09/01/2021","Temperature, Actual, D+1","0.4000","11/01/2021 11:46:13",""
"10/01/2021 11:43:00","09/01/2021","Temperature, Actual, D+1","0.4000","21/10/2021 11:40:01","L"
"10/01/2021 11:43:00","09/01/2021","Temperature, Actual, D+1","0.4000","11/01/2021 11:43:07",""
"09/01/2021 11:41:00","08/01/2021","Temperature, Actual, D+1","0.4000","21/10/2021 11:40:01","L"
"09/01/2021 11:41:00","08/01/2021","Temperature, Actual, D+1","0.4000","11/01/2021 11:41:38",""
"08/01/2021 12:19:00","07/01/2021","Temperature, Actual, D+1","0.4000","08/01/2021 12:19:10",""
"07/01/2021 12:53:00","06/01/2021","Temperature, Actual, D+1","1.5000","07/01/2021 12:53:24",""
"06/01/2021 13:05:00","05/01/2021","Temperature, Actual, D+1","1.6000","06/01/2021 13:05:12",""
"05/01/2021 11:20:00","04/01/2021","Temperature, Actual, D+1","1.4000","05/01/2021 11:20:08",""
"04/01/2021 11:46:00","03/01/2021","Temperature, Actual, D+1","1.4000","04/01/2021 11:46:57",""
"03/01/2021 09:42:00","02/01/2021","Temperature, Actual, D+1","1.0000","21/10/2021 11:40:01","L"
"03/01/2021 09:42:00","02/01/2021","Temperature, Actual, D+1","1.0000","04/01/2021 09:42:56",""
"02/01/2021 09:42:00","01/01/2021","Temperature, Actual, D+1","0.9000","21/10/2021 11:40:01","L"
"02/01/2021 09:42:00","01/01/2021","Temperature, Actual, D+1","0.9000","04/01/2021 09:42:51",""
"01/01/2021 09:42:00","31/12/2020","Temperature, Actual, D+1","0.8000","21/10/2021 11:40:01","L"
"01/01/2021 09:42:00","31/12/2020","Temperature, Actual, D+1","0.8000","04/01/2021 09:42:43",""
